date,season,neutral,playoff,team1,team2,elo1,elo2,elo_prob1,score1,score2,result1,week,game_type,gametime,game_id
2021-09-09,2021,0,0,TB,DAL,,,0.78499,31,29,1,1,REG,20:20,2021_01_DAL_TB
2021-09-12,2021,0,0,ATL,PHI,,,0.626567,6,32,0,1,REG,13:00,2021_01_PHI_ATL
2021-09-12,2021,0,0,BUF,PIT,,,0.707206,16,23,0,1,REG,13:00,2021_01_PIT_BUF
2021-09-12,2021,0,0,CAR,NYJ,,,0.631054,19,14,1,1,REG,13:00,2021_01_NYJ_CAR
2021-09-12,2021,0,0,CIN,MIN,,,0.439499,27,24,1,1,REG,13:00,2021_01_MIN_CIN
2021-09-12,2021,0,0,DET,SF,,,0.218442,33,41,0,1,REG,13:00,2021_01_SF_DET
2021-09-12,2021,0,0,HOU,JAX,,,0.383704,37,21,1,1,REG,13:00,2021_01_JAX_HOU
2021-09-12,2021,0,0,IND,SEA,,,0.420714,16,28,0,1,REG,13:00,2021_01_SEA_IND
2021-09-12,2021,0,0,TEN,ARI,,,0.578233,13,38,0,1,REG,13:00,2021_01_ARI_TEN
2021-09-12,2021,0,0,WSH,LAC,,,0.550036,16,20,0,1,REG,13:00,2021_01_LAC_WAS
2021-09-12,2021,0,0,KC,CLE,,,0.687302,33,29,1,1,REG,16:25,2021_01_CLE_KC
2021-09-12,2021,0,0,NE,MIA,,,0.617727,16,17,0,1,REG,16:25,2021_01_MIA_NE
2021-09-12,2021,1,0,NO,GB,,,0.372077,38,3,1,1,REG,16:25,2021_01_GB_NO
2021-09-12,2021,0,0,NYG,DEN,,,0.433167,13,27,0,1,REG,16:25,2021_01_DEN_NYG
2021-09-12,2021,0,0,LAR,CHI,,,0.771134,34,14,1,1,REG,20:20,2021_01_CHI_LA
2021-09-13,2021,0,0,OAK,BAL,,,0.39102,33,27,1,1,REG,20:15,2021_01_BAL_LV
2021-09-16,2021,0,0,WSH,NYG,,,0.64712,30,29,1,2,REG,20:20,2021_02_NYG_WAS
2021-09-19,2021,0,0,CAR,NO,,,0.42245,26,7,1,2,REG,13:00,2021_02_NO_CAR
2021-09-19,2021,0,0,CHI,CIN,,,0.544024,20,17,1,2,REG,13:00,2021_02_CIN_CHI
2021-09-19,2021,0,0,CLE,HOU,,,0.843962,31,21,1,2,REG,13:00,2021_02_HOU_CLE
2021-09-19,2021,0,0,IND,LAR,,,0.345374,24,27,0,2,REG,13:00,2021_02_LA_IND
2021-09-19,2021,0,0,JAX,DEN,,,0.312698,13,23,0,2,REG,13:00,2021_02_DEN_JAX
2021-09-19,2021,0,0,MIA,BUF,,,0.374798,0,35,0,2,REG,13:00,2021_02_BUF_MIA
2021-09-19,2021,0,0,NYJ,NE,,,0.3171,6,25,0,2,REG,13:00,2021_02_NE_NYJ
2021-09-19,2021,0,0,PHI,SF,,,0.4242,11,17,0,2,REG,13:00,2021_02_SF_PHI
2021-09-19,2021,0,0,PIT,OAK,,,0.676618,17,26,0,2,REG,13:00,2021_02_LV_PIT
2021-09-19,2021,0,0,ARI,MIN,,,0.639271,34,33,1,2,REG,16:05,2021_02_MIN_ARI
2021-09-19,2021,0,0,TB,ATL,,,0.857912,48,25,1,2,REG,16:05,2021_02_ATL_TB
2021-09-19,2021,0,0,LAC,DAL,,,0.585062,17,20,0,2,REG,16:25,2021_02_DAL_LAC
2021-09-19,2021,0,0,SEA,TEN,,,0.719969,30,33,0,2,REG,16:25,2021_02_TEN_SEA
2021-09-19,2021,0,0,BAL,KC,,,0.385146,36,35,1,2,REG,20:20,2021_02_KC_BAL
2021-09-20,2021,0,0,GB,DET,,,0.806136,35,17,1,2,REG,20:15,2021_02_DET_GB
2021-09-23,2021,0,0,HOU,CAR,,,0.216522,9,24,0,3,REG,20:20,2021_03_CAR_HOU
2021-09-26,2021,0,0,BUF,WSH,,,0.745155,43,21,1,3,REG,13:00,2021_03_WAS_BUF
2021-09-26,2021,0,0,CLE,CHI,,,0.766154,26,6,1,3,REG,13:00,2021_03_CHI_CLE
2021-09-26,2021,0,0,DET,BAL,,,0.247702,17,19,0,3,REG,13:00,2021_03_BAL_DET
2021-09-26,2021,0,0,JAX,ARI,,,0.240284,19,31,0,3,REG,13:00,2021_03_ARI_JAX
2021-09-26,2021,0,0,KC,LAC,,,0.711526,24,30,0,3,REG,13:00,2021_03_LAC_KC
2021-09-26,2021,0,0,NE,NO,,,0.5758,13,28,0,3,REG,13:00,2021_03_NO_NE
2021-09-26,2021,0,0,NYG,ATL,,,0.574035,14,17,0,3,REG,13:00,2021_03_ATL_NYG
2021-09-26,2021,0,0,PIT,CIN,,,0.568656,10,24,0,3,REG,13:00,2021_03_CIN_PIT
2021-09-26,2021,0,0,TEN,IND,,,0.645509,25,16,1,3,REG,13:00,2021_03_IND_TEN
2021-09-26,2021,0,0,DEN,NYJ,,,0.829996,26,0,1,3,REG,16:05,2021_03_NYJ_DEN
2021-09-26,2021,0,0,OAK,MIA,,,0.643039,31,28,1,3,REG,16:05,2021_03_MIA_LV
2021-09-26,2021,0,0,LAR,TB,,,0.497677,34,24,1,3,REG,16:25,2021_03_TB_LA
2021-09-26,2021,0,0,MIN,SEA,,,0.46729,30,17,1,3,REG,16:25,2021_03_SEA_MIN
2021-09-26,2021,0,0,SF,GB,,,0.625202,28,30,0,3,REG,20:20,2021_03_GB_SF
2021-09-27,2021,0,0,DAL,PHI,,,0.636716,41,21,1,3,REG,20:15,2021_03_PHI_DAL
2021-09-30,2021,0,0,CIN,JAX,,,0.765085,24,21,1,4,REG,20:20,2021_04_JAX_CIN
2021-10-03,2021,0,0,ATL,WSH,,,0.473778,30,34,0,4,REG,13:00,2021_04_WAS_ATL
2021-10-03,2021,0,0,BUF,HOU,,,0.910714,40,0,1,4,REG,13:00,2021_04_HOU_BUF
2021-10-03,2021,0,0,CHI,DET,,,0.582716,24,14,1,4,REG,13:00,2021_04_DET_CHI
2021-10-03,2021,0,0,DAL,CAR,,,0.659565,36,28,1,4,REG,13:00,2021_04_CAR_DAL
2021-10-03,2021,0,0,MIA,IND,,,0.5758,17,27,0,4,REG,13:00,2021_04_IND_MIA
2021-10-03,2021,0,0,MIN,CLE,,,0.501153,7,14,0,4,REG,13:00,2021_04_CLE_MIN
2021-10-03,2021,0,0,NO,NYG,,,0.748536,21,27,0,4,REG,13:00,2021_04_NYG_NO
2021-10-03,2021,0,0,NYJ,TEN,,,0.318083,27,24,1,4,REG,13:00,2021_04_TEN_NYJ
2021-10-03,2021,0,0,PHI,KC,,,0.245216,30,42,0,4,REG,13:00,2021_04_KC_PHI
2021-10-03,2021,0,0,LAR,ARI,,,0.649533,20,37,0,4,REG,16:05,2021_04_ARI_LA
2021-10-03,2021,0,0,SF,SEA,,,0.556697,21,28,0,4,REG,16:05,2021_04_SEA_SF
2021-10-03,2021,0,0,DEN,BAL,,,0.528404,7,23,0,4,REG,16:25,2021_04_BAL_DEN
2021-10-03,2021,0,0,GB,PIT,,,0.713336,27,17,1,4,REG,16:25,2021_04_PIT_GB
2021-10-03,2021,0,0,NE,TB,,,0.301192,17,19,0,4,REG,20:20,2021_04_TB_NE
2021-10-04,2021,0,0,LAC,OAK,,,0.60082,28,14,1,4,REG,20:15,2021_04_LV_LAC
2021-10-07,2021,0,0,SEA,LAR,,,0.439499,17,26,0,5,REG,20:20,2021_05_LA_SEA
2021-10-10,2021,1,0,ATL,NYJ,,,0.590044,27,20,1,5,REG,09:30,2021_05_NYJ_ATL
2021-10-10,2021,0,0,CAR,PHI,,,0.567921,18,21,0,5,REG,13:00,2021_05_PHI_CAR
2021-10-10,2021,0,0,CIN,GB,,,0.462147,22,25,0,5,REG,13:00,2021_05_GB_CIN
2021-10-10,2021,0,0,HOU,NE,,,0.250239,22,25,0,5,REG,13:00,2021_05_NE_HOU
2021-10-10,2021,0,0,JAX,TEN,,,0.360729,19,37,0,5,REG,13:00,2021_05_TEN_JAX
2021-10-10,2021,0,0,MIN,DET,,,0.782561,19,17,1,5,REG,13:00,2021_05_DET_MIN
2021-10-10,2021,0,0,PIT,DEN,,,0.458904,27,19,1,5,REG,13:00,2021_05_DEN_PIT
2021-10-10,2021,0,0,TB,MIA,,,0.823156,45,17,1,5,REG,13:00,2021_05_MIA_TB
2021-10-10,2021,0,0,WSH,NO,,,0.449131,22,33,0,5,REG,13:00,2021_05_NO_WAS
2021-10-10,2021,0,0,LAC,CLE,,,0.550036,47,42,1,5,REG,16:05,2021_05_CLE_LAC
2021-10-10,2021,0,0,OAK,CHI,,,0.691068,9,20,0,5,REG,16:05,2021_05_CHI_LV
2021-10-10,2021,0,0,ARI,SF,,,0.706368,17,10,1,5,REG,16:25,2021_05_SF_ARI
2021-10-10,2021,0,0,DAL,NYG,,,0.74779,44,20,1,5,REG,16:25,2021_05_NYG_DAL
2021-10-10,2021,0,0,KC,BUF,,,0.558607,20,38,0,5,REG,20:20,2021_05_BUF_KC
2021-10-11,2021,0,0,BAL,IND,,,0.757905,31,25,1,5,REG,20:15,2021_05_IND_BAL
2021-10-14,2021,0,0,PHI,TB,,,0.287666,22,28,0,6,REG,20:20,2021_06_TB_PHI
2021-10-17,2021,1,0,JAX,MIA,,,0.464241,23,20,1,6,REG,09:30,2021_06_MIA_JAX
2021-10-17,2021,0,0,BAL,LAC,,,0.608443,34,6,1,6,REG,13:00,2021_06_LAC_BAL
2021-10-17,2021,0,0,CAR,MIN,,,0.441393,28,34,0,6,REG,13:00,2021_06_MIN_CAR
2021-10-17,2021,0,0,CHI,GB,,,0.323382,14,24,0,6,REG,13:00,2021_06_GB_CHI
2021-10-17,2021,0,0,DET,CIN,,,0.359464,11,34,0,6,REG,13:00,2021_06_CIN_DET
2021-10-17,2021,0,0,IND,HOU,,,0.790609,31,3,1,6,REG,13:00,2021_06_HOU_IND
2021-10-17,2021,0,0,NYG,LAR,,,0.255614,11,38,0,6,REG,13:00,2021_06_LA_NYG
2021-10-17,2021,0,0,WSH,KC,,,0.301192,13,31,0,6,REG,13:00,2021_06_KC_WAS
2021-10-17,2021,0,0,CLE,ARI,,,0.574035,14,37,0,6,REG,16:05,2021_06_ARI_CLE
2021-10-17,2021,0,0,DEN,OAK,,,0.654626,24,34,0,6,REG,16:25,2021_06_LV_DEN
2021-10-17,2021,0,0,NE,DAL,,,0.362423,29,35,0,6,REG,16:25,2021_06_DAL_NE
2021-10-17,2021,0,0,PIT,SEA,,,0.662923,23,20,1,6,REG,20:20,2021_06_SEA_PIT
2021-10-18,2021,0,0,TEN,BUF,,,0.313918,34,31,1,6,REG,20:15,2021_06_BUF_TEN
2021-10-21,2021,0,0,CLE,DEN,,,0.534835,17,14,1,7,REG,20:20,2021_07_DEN_CLE
2021-10-24,2021,0,0,BAL,CIN,,,0.710713,17,41,0,7,REG,13:00,2021_07_CIN_BAL
2021-10-24,2021,0,0,GB,WSH,,,0.774917,24,10,1,7,REG,13:00,2021_07_WAS_GB
2021-10-24,2021,0,0,MIA,ATL,,,0.449964,28,30,0,7,REG,13:00,2021_07_ATL_MIA
2021-10-24,2021,0,0,NE,NYJ,,,0.730764,54,13,1,7,REG,13:00,2021_07_NYJ_NE
2021-10-24,2021,0,0,NYG,CAR,,,0.408321,25,3,1,7,REG,13:00,2021_07_CAR_NYG
2021-10-24,2021,0,0,TEN,KC,,,0.341569,27,3,1,7,REG,13:00,2021_07_KC_TEN
2021-10-24,2021,0,0,LAR,DET,,,0.898909,28,19,1,7,REG,16:05,2021_07_DET_LA
2021-10-24,2021,0,0,OAK,PHI,,,0.506972,33,22,1,7,REG,16:05,2021_07_PHI_LV
2021-10-24,2021,0,0,ARI,HOU,,,0.920234,31,5,1,7,REG,16:25,2021_07_HOU_ARI
2021-10-24,2021,0,0,TB,CHI,,,0.838767,38,3,1,7,REG,16:25,2021_07_CHI_TB
2021-10-24,2021,0,0,SF,IND,,,0.612883,18,30,0,7,REG,20:20,2021_07_IND_SF
2021-10-25,2021,0,0,SEA,NO,,,0.315851,10,13,0,7,REG,20:15,2021_07_NO_SEA
2021-10-28,2021,0,0,ARI,GB,,,0.715717,21,24,0,8,REG,20:20,2021_08_GB_ARI
2021-10-31,2021,0,0,ATL,CAR,,,0.550036,13,19,0,8,REG,13:00,2021_08_CAR_ATL
2021-10-31,2021,0,0,BUF,MIA,,,0.880139,26,11,1,8,REG,13:00,2021_08_MIA_BUF
2021-10-31,2021,0,0,CHI,SF,,,0.340435,22,33,0,8,REG,13:00,2021_08_SF_CHI
2021-10-31,2021,0,0,CLE,PIT,,,0.671133,10,15,0,8,REG,13:00,2021_08_PIT_CLE
2021-10-31,2021,0,0,DET,PHI,,,0.388586,6,44,0,8,REG,13:00,2021_08_PHI_DET
2021-10-31,2021,0,0,HOU,LAR,,,0.117679,22,38,0,8,REG,13:00,2021_08_LA_HOU
2021-10-31,2021,0,0,IND,TEN,,,0.600246,31,34,0,8,REG,13:00,2021_08_TEN_IND
2021-10-31,2021,0,0,NYJ,CIN,,,0.189671,34,31,1,8,REG,13:00,2021_08_CIN_NYJ
2021-10-31,2021,0,0,LAC,NE,,,0.629722,24,27,0,8,REG,16:05,2021_08_NE_LAC
2021-10-31,2021,0,0,SEA,JAX,,,0.640536,31,7,1,8,REG,16:05,2021_08_JAX_SEA
2021-10-31,2021,0,0,DEN,WSH,,,0.639271,17,10,1,8,REG,16:25,2021_08_WAS_DEN
2021-10-31,2021,0,0,NO,TB,,,0.36371,36,27,1,8,REG,16:25,2021_08_TB_NO
2021-10-31,2021,0,0,MIN,DAL,,,0.66794,16,20,0,8,REG,20:20,2021_08_DAL_MIN
2021-11-01,2021,0,0,KC,NYG,,,0.815385,20,17,1,8,REG,20:15,2021_08_NYG_KC
2021-11-04,2021,0,0,IND,NYJ,,,0.809978,45,30,1,9,REG,20:20,2021_09_NYJ_IND
2021-11-07,2021,0,0,BAL,MIN,,,0.731628,34,31,1,9,REG,13:00,2021_09_MIN_BAL
2021-11-07,2021,0,0,CAR,NE,,,0.378954,6,24,0,9,REG,13:00,2021_09_NE_CAR
2021-11-07,2021,0,0,CIN,CLE,,,0.550036,16,41,0,9,REG,13:00,2021_09_CLE_CIN
2021-11-07,2021,0,0,DAL,DEN,,,0.797138,16,30,0,9,REG,13:00,2021_09_DEN_DAL
2021-11-07,2021,0,0,JAX,BUF,,,0.110735,9,6,1,9,REG,13:00,2021_09_BUF_JAX
2021-11-07,2021,0,0,MIA,HOU,,,0.633252,17,9,1,9,REG,13:00,2021_09_HOU_MIA
2021-11-07,2021,0,0,NO,ATL,,,0.714134,25,27,0,9,REG,13:00,2021_09_ATL_NO
2021-11-07,2021,0,0,NYG,OAK,,,0.411603,23,16,1,9,REG,13:00,2021_09_LV_NYG
2021-11-07,2021,0,0,PHI,LAC,,,0.497677,24,27,0,9,REG,16:05,2021_09_LAC_PHI
2021-11-07,2021,0,0,KC,GB,,,0.741025,13,7,1,9,REG,16:25,2021_09_GB_KC
2021-11-07,2021,0,0,SF,ARI,,,0.6829,17,31,0,9,REG,16:25,2021_09_ARI_SF
2021-11-07,2021,0,0,LAR,TEN,,,0.754902,16,28,0,9,REG,20:20,2021_09_TEN_LA
2021-11-08,2021,0,0,PIT,CHI,,,0.732328,29,27,1,9,REG,20:15,2021_09_CHI_PIT
2021-11-11,2021,0,0,MIA,BAL,,,0.227759,22,10,1,10,REG,20:20,2021_10_BAL_MIA
2021-11-14,2021,0,0,DAL,ATL,,,0.773247,43,3,1,10,REG,13:00,2021_10_ATL_DAL
2021-11-14,2021,0,0,IND,JAX,,,0.78824,23,17,1,10,REG,13:00,2021_10_JAX_IND
2021-11-14,2021,0,0,NE,CLE,,,0.554771,45,7,1,10,REG,13:00,2021_10_CLE_NE
2021-11-14,2021,0,0,NYJ,BUF,,,0.154529,17,45,0,10,REG,13:00,2021_10_BUF_NYJ
2021-11-14,2021,0,0,PIT,DET,,,0.759152,16,16,0.5,10,REG,13:00,2021_10_DET_PIT
2021-11-14,2021,0,0,TEN,NO,,,0.581008,23,21,1,10,REG,13:00,2021_10_NO_TEN
2021-11-14,2021,0,0,WSH,TB,,,0.211325,29,19,1,10,REG,13:00,2021_10_TB_WAS
2021-11-14,2021,0,0,ARI,CAR,,,0.744521,10,34,0,10,REG,16:05,2021_10_CAR_ARI
2021-11-14,2021,0,0,LAC,MIN,,,0.625202,20,27,0,10,REG,16:05,2021_10_MIN_LAC
2021-11-14,2021,0,0,DEN,PHI,,,0.513948,13,30,0,10,REG,16:25,2021_10_PHI_DEN
2021-11-14,2021,0,0,GB,SEA,,,0.611414,17,0,1,10,REG,16:25,2021_10_SEA_GB
2021-11-14,2021,0,0,OAK,KC,,,0.418992,14,41,0,10,REG,20:20,2021_10_KC_LV
2021-11-15,2021,0,0,SF,LAR,,,0.377559,31,10,1,10,REG,20:15,2021_10_LA_SF
2021-11-18,2021,0,0,ATL,NE,,,0.255479,0,25,0,11,REG,20:20,2021_11_NE_ATL
2021-11-21,2021,0,0,BUF,IND,,,0.740228,15,41,0,11,REG,13:00,2021_11_IND_BUF
2021-11-21,2021,0,0,CAR,WSH,,,0.616296,21,27,0,11,REG,13:00,2021_11_WAS_CAR
2021-11-21,2021,0,0,CHI,BAL,,,0.325434,13,16,0,11,REG,13:00,2021_11_BAL_CHI
2021-11-21,2021,0,0,CLE,DET,,,0.828508,13,10,1,11,REG,13:00,2021_11_DET_CLE
2021-11-21,2021,0,0,JAX,SF,,,0.283307,10,30,0,11,REG,13:00,2021_11_SF_JAX
2021-11-21,2021,0,0,MIN,GB,,,0.486052,34,31,1,11,REG,13:00,2021_11_GB_MIN
2021-11-21,2021,0,0,NYJ,MIA,,,0.372077,17,24,0,11,REG,13:00,2021_11_MIA_NYJ
2021-11-21,2021,0,0,PHI,NO,,,0.5758,40,29,1,11,REG,13:00,2021_11_NO_PHI
2021-11-21,2021,0,0,TEN,HOU,,,0.796799,13,22,0,11,REG,13:00,2021_11_HOU_TEN
2021-11-21,2021,0,0,OAK,CIN,,,0.460972,13,32,0,11,REG,16:05,2021_11_CIN_LV
2021-11-21,2021,0,0,KC,DAL,,,0.55972,19,9,1,11,REG,16:25,2021_11_DAL_KC
2021-11-21,2021,0,0,SEA,ARI,,,0.585062,13,23,0,11,REG,16:25,2021_11_ARI_SEA
2021-11-21,2021,0,0,LAC,PIT,,,0.695893,41,37,1,11,REG,20:20,2021_11_PIT_LAC
2021-11-22,2021,0,0,TB,NYG,,,0.814673,30,10,1,11,REG,20:15,2021_11_NYG_TB
2021-11-25,2021,0,0,DET,CHI,,,0.452256,14,16,0,12,REG,12:30,2021_12_CHI_DET
2021-11-25,2021,0,0,DAL,OAK,,,0.736752,33,36,0,12,REG,16:30,2021_12_LV_DAL
2021-11-25,2021,0,0,NO,BUF,,,0.29031,6,31,0,12,REG,20:20,2021_12_BUF_NO
2021-11-28,2021,0,0,CIN,PIT,,,0.616296,41,10,1,12,REG,13:00,2021_12_PIT_CIN
2021-11-28,2021,0,0,HOU,NYJ,,,0.566089,14,21,0,12,REG,13:00,2021_12_NYJ_HOU
2021-11-28,2021,0,0,IND,TB,,,0.415589,31,38,0,12,REG,13:00,2021_12_TB_IND
2021-11-28,2021,0,0,JAX,ATL,,,0.476983,14,21,0,12,REG,13:00,2021_12_ATL_JAX
2021-11-28,2021,0,0,MIA,CAR,,,0.469433,33,10,1,12,REG,13:00,2021_12_CAR_MIA
2021-11-28,2021,0,0,NE,TEN,,,0.731628,36,13,1,12,REG,13:00,2021_12_TEN_NE
2021-11-28,2021,0,0,NYG,PHI,,,0.359464,13,7,1,12,REG,13:00,2021_12_PHI_NYG
2021-11-28,2021,0,0,DEN,LAC,,,0.429536,28,13,1,12,REG,16:05,2021_12_LAC_DEN
2021-11-28,2021,0,0,GB,LAR,,,0.468484,36,28,1,12,REG,16:25,2021_12_LA_GB
2021-11-28,2021,0,0,SF,MIN,,,0.630606,34,26,1,12,REG,16:25,2021_12_MIN_SF
2021-11-28,2021,0,0,BAL,CLE,,,0.593909,16,10,1,12,REG,20:20,2021_12_CLE_BAL
2021-11-29,2021,0,0,WSH,SEA,,,0.451951,17,15,1,12,REG,20:15,2021_12_SEA_WAS
2021-12-02,2021,0,0,NO,DAL,,,0.302079,17,27,0,13,REG,20:20,2021_13_DAL_NO
2021-12-05,2021,0,0,ATL,TB,,,0.199082,17,30,0,13,REG,13:00,2021_13_TB_ATL
2021-12-05,2021,0,0,CHI,ARI,,,0.234481,22,33,0,13,REG,13:00,2021_13_ARI_CHI
2021-12-05,2021,0,0,CIN,LAC,,,0.570464,22,41,0,13,REG,13:00,2021_13_LAC_CIN
2021-12-05,2021,0,0,DET,MIN,,,0.273707,29,27,1,13,REG,13:00,2021_13_MIN_DET
2021-12-05,2021,0,0,HOU,IND,,,0.220954,0,31,0,13,REG,13:00,2021_13_IND_HOU
2021-12-05,2021,0,0,MIA,NYG,,,0.724653,20,9,1,13,REG,13:00,2021_13_NYG_MIA
2021-12-05,2021,0,0,NYJ,PHI,,,0.35167,18,33,0,13,REG,13:00,2021_13_PHI_NYJ
2021-12-05,2021,0,0,LAR,JAX,,,0.860959,37,7,1,13,REG,16:05,2021_13_JAX_LA
2021-12-05,2021,0,0,OAK,WSH,,,0.548049,15,17,0,13,REG,16:05,2021_13_WAS_LV
2021-12-05,2021,0,0,PIT,BAL,,,0.355722,20,19,1,13,REG,16:25,2021_13_BAL_PIT
2021-12-05,2021,0,0,SEA,SF,,,0.433911,30,23,1,13,REG,16:25,2021_13_SF_SEA
2021-12-05,2021,0,0,KC,DEN,,,0.770717,22,9,1,13,REG,20:20,2021_13_DEN_KC
2021-12-06,2021,0,0,BUF,NE,,,0.579286,10,14,0,13,REG,20:15,2021_13_NE_BUF
2021-12-09,2021,0,0,MIN,PIT,,,0.620559,36,28,1,14,REG,20:20,2021_14_PIT_MIN
2021-12-12,2021,0,0,CAR,ATL,,,0.562379,21,29,0,14,REG,13:00,2021_14_ATL_CAR
2021-12-12,2021,0,0,CLE,BAL,,,0.585062,24,22,1,14,REG,13:00,2021_14_BAL_CLE
2021-12-12,2021,0,0,HOU,SEA,,,0.223527,13,33,0,14,REG,13:00,2021_14_SEA_HOU
2021-12-12,2021,0,0,KC,OAK,,,0.791459,48,9,1,14,REG,13:00,2021_14_LV_KC
2021-12-12,2021,0,0,NYJ,NO,,,0.356961,9,30,0,14,REG,13:00,2021_14_NO_NYJ
2021-12-12,2021,0,0,TEN,JAX,,,0.769594,20,0,1,14,REG,13:00,2021_14_JAX_TEN
2021-12-12,2021,0,0,WSH,DAL,,,0.280981,20,27,0,14,REG,13:00,2021_14_DAL_WAS
2021-12-12,2021,0,0,DEN,DET,,,0.837146,38,10,1,14,REG,16:05,2021_14_DET_DEN
2021-12-12,2021,0,0,LAC,NYG,,,0.773926,37,21,1,14,REG,16:05,2021_14_NYG_LAC
2021-12-12,2021,0,0,CIN,SF,,,0.449131,23,26,0,14,REG,16:25,2021_14_SF_CIN
2021-12-12,2021,0,0,TB,BUF,,,0.627029,33,27,1,14,REG,16:25,2021_14_BUF_TB
2021-12-12,2021,0,0,GB,CHI,,,0.837946,45,30,1,14,REG,20:20,2021_14_CHI_GB
2021-12-13,2021,0,0,ARI,LAR,,,0.616296,23,30,0,14,REG,20:15,2021_14_LA_ARI
2021-12-16,2021,0,0,LAC,KC,,,0.382273,28,34,0,15,REG,20:20,2021_15_KC_LAC
2021-12-18,2021,0,0,IND,NE,,,0.508076,27,17,1,15,REG,20:20,2021_15_NE_IND
2021-12-19,2021,0,0,BUF,CAR,,,0.853608,31,14,1,15,REG,13:00,2021_15_CAR_BUF
2021-12-19,2021,0,0,DET,ARI,,,0.162883,30,12,1,15,REG,13:00,2021_15_ARI_DET
2021-12-19,2021,0,0,JAX,HOU,,,0.699919,16,30,0,15,REG,13:00,2021_15_HOU_JAX
2021-12-19,2021,0,0,MIA,NYJ,,,0.791881,31,24,1,15,REG,13:00,2021_15_NYJ_MIA
2021-12-19,2021,0,0,NYG,DAL,,,0.183581,6,21,0,15,REG,13:00,2021_15_DAL_NYG
2021-12-19,2021,0,0,PIT,TEN,,,0.533647,19,13,1,15,REG,13:00,2021_15_TEN_PIT
2021-12-19,2021,0,0,DEN,CIN,,,0.593301,10,15,0,15,REG,16:05,2021_15_CIN_DEN
2021-12-19,2021,0,0,SF,ATL,,,0.768362,31,13,1,15,REG,16:05,2021_15_ATL_SF
2021-12-19,2021,0,0,BAL,GB,,,0.243241,30,31,0,15,REG,16:25,2021_15_GB_BAL
2021-12-19,2021,0,0,TB,NO,,,0.812503,0,9,0,15,REG,20:20,2021_15_NO_TB
2021-12-20,2021,0,0,CLE,OAK,,,0.421092,14,16,0,15,REG,17:00,2021_15_LV_CLE
2021-12-20,2021,0,0,CHI,MIN,,,0.259772,9,17,0,15,REG,20:15,2021_15_MIN_CHI
2021-12-21,2021,0,0,LAR,SEA,,,0.756066,20,10,1,15,REG,19:00,2021_15_SEA_LA
2021-12-21,2021,0,0,PHI,WSH,,,0.797998,27,17,1,15,REG,19:00,2021_15_WAS_PHI
2021-12-23,2021,0,0,TEN,SF,,,0.384212,20,17,1,16,REG,20:20,2021_16_SF_TEN
2021-12-25,2021,0,0,GB,CLE,,,0.782332,24,22,1,16,REG,16:30,2021_16_CLE_GB
2021-12-25,2021,0,0,ARI,IND,,,0.599834,16,22,0,16,REG,20:15,2021_16_IND_ARI
2021-12-26,2021,0,0,ATL,DET,,,0.763331,20,16,1,16,REG,13:00,2021_16_DET_ATL
2021-12-26,2021,0,0,CAR,TB,,,0.193706,6,32,0,16,REG,13:00,2021_16_TB_CAR
2021-12-26,2021,0,0,CIN,BAL,,,0.761583,41,21,1,16,REG,13:00,2021_16_BAL_CIN
2021-12-26,2021,0,0,HOU,LAC,,,0.16099,41,29,1,16,REG,13:00,2021_16_LAC_HOU
2021-12-26,2021,0,0,MIN,LAR,,,0.377559,23,30,0,16,REG,13:00,2021_16_LA_MIN
2021-12-26,2021,0,0,NE,BUF,,,0.518322,21,33,0,16,REG,13:00,2021_16_BUF_NE
2021-12-26,2021,0,0,NYJ,JAX,,,0.543147,26,21,1,16,REG,13:00,2021_16_JAX_NYJ
2021-12-26,2021,0,0,PHI,NYG,,,0.812722,34,10,1,16,REG,13:00,2021_16_NYG_PHI
2021-12-26,2021,0,0,SEA,CHI,,,0.736075,24,25,0,16,REG,16:05,2021_16_CHI_SEA
2021-12-26,2021,0,0,KC,PIT,,,0.77396,36,10,1,16,REG,16:25,2021_16_PIT_KC
2021-12-26,2021,0,0,OAK,DEN,,,0.491924,17,13,1,16,REG,16:25,2021_16_DEN_LV
2021-12-26,2021,0,0,DAL,WSH,,,0.793028,56,14,1,16,REG,20:20,2021_16_WAS_DAL
2021-12-27,2021,0,0,NO,MIA,,,0.40074,3,20,0,16,REG,20:15,2021_16_MIA_NO
2022-01-02,2021,0,0,BAL,LAR,,,0.266053,19,20,0,17,REG,13:00,2021_17_LA_BAL
2022-01-02,2021,0,0,BUF,ATL,,,0.866726,29,15,1,17,REG,13:00,2021_17_ATL_BUF
2022-01-02,2021,0,0,CHI,NYG,,,0.718985,29,3,1,17,REG,13:00,2021_17_NYG_CHI
2022-01-02,2021,0,0,CIN,KC,,,0.377995,34,31,1,17,REG,13:00,2021_17_KC_CIN
2022-01-02,2021,0,0,IND,OAK,,,0.772462,20,23,0,17,REG,13:00,2021_17_LV_IND
2022-01-02,2021,0,0,NE,JAX,,,0.883104,50,10,1,17,REG,13:00,2021_17_JAX_NE
2022-01-02,2021,0,0,NYJ,TB,,,0.133634,24,28,0,17,REG,13:00,2021_17_TB_NYJ
2022-01-02,2021,0,0,TEN,MIA,,,0.612459,34,3,1,17,REG,13:00,2021_17_MIA_TEN
2022-01-02,2021,0,0,WSH,PHI,,,0.31699,16,20,0,17,REG,13:00,2021_17_PHI_WAS
2022-01-02,2021,0,0,LAC,DEN,,,0.748428,34,13,1,17,REG,16:05,2021_17_DEN_LAC
2022-01-02,2021,0,0,SF,HOU,,,0.828415,23,7,1,17,REG,16:05,2021_17_HOU_SF
2022-01-02,2021,0,0,DAL,ARI,,,0.701689,22,25,0,17,REG,16:25,2021_17_ARI_DAL
2022-01-02,2021,0,0,NO,CAR,,,0.713317,18,10,1,17,REG,16:25,2021_17_CAR_NO
2022-01-02,2021,0,0,SEA,DET,,,0.773463,51,29,1,17,REG,16:25,2021_17_DET_SEA
2022-01-02,2021,0,0,GB,MIN,,,0.845457,37,10,1,17,REG,20:20,2021_17_MIN_GB
2022-01-03,2021,0,0,PIT,CLE,,,0.474992,26,14,1,17,REG,20:15,2021_17_CLE_PIT
2022-01-08,2021,0,0,DEN,KC,,,0.179028,24,28,0,18,REG,16:30,2021_18_KC_DEN
2022-01-08,2021,0,0,PHI,DAL,,,0.284698,26,51,0,18,REG,20:15,2021_18_DAL_PHI
2022-01-09,2021,0,0,BAL,PIT,,,0.588212,13,16,0,18,REG,13:00,2021_18_PIT_BAL
2022-01-09,2021,0,0,CLE,CIN,,,0.69577,21,16,1,18,REG,13:00,2021_18_CIN_CLE
2022-01-09,2021,0,0,DET,GB,,,0.363412,37,30,1,18,REG,13:00,2021_18_GB_DET
2022-01-09,2021,0,0,HOU,TEN,,,0.18711,25,28,0,18,REG,13:00,2021_18_TEN_HOU
2022-01-09,2021,0,0,JAX,IND,,,0.127907,26,11,1,18,REG,13:00,2021_18_IND_JAX
2022-01-09,2021,0,0,MIN,CHI,,,0.630102,31,17,1,18,REG,13:00,2021_18_CHI_MIN
2022-01-09,2021,0,0,NYG,WSH,,,0.31699,7,22,0,18,REG,13:00,2021_18_WAS_NYG
2022-01-09,2021,0,0,ARI,SEA,,,0.670438,30,38,0,18,REG,16:25,2021_18_SEA_ARI
2022-01-09,2021,0,0,ATL,NO,,,0.339413,20,30,0,18,REG,16:25,2021_18_NO_ATL
2022-01-09,2021,0,0,BUF,NYJ,,,0.887265,27,10,1,18,REG,16:25,2021_18_NYJ_BUF
2022-01-09,2021,0,0,LAR,SF,,,0.611511,24,27,0,18,REG,16:25,2021_18_SF_LA
2022-01-09,2021,0,0,MIA,NE,,,0.318182,33,24,1,18,REG,16:25,2021_18_NE_MIA
2022-01-09,2021,0,0,TB,CAR,,,0.798846,41,17,1,18,REG,16:25,2021_18_CAR_TB
2022-01-09,2021,0,0,OAK,LAC,,,0.37889,35,32,1,18,REG,20:20,2021_18_LAC_LV
2022-01-15,2021,0,1,CIN,OAK,,,0.691139,26,19,1,19,WC,16:30,2021_19_LV_CIN
2022-01-15,2021,0,1,BUF,NE,,,0.65454,47,17,1,19,WC,20:15,2021_19_NE_BUF
2022-01-16,2021,0,1,TB,PHI,,,0.753727,31,15,1,19,WC,13:00,2021_19_PHI_TB
2022-01-16,2021,0,1,DAL,SF,,,0.601388,17,23,0,19,WC,16:30,2021_19_SF_DAL
2022-01-16,2021,0,1,KC,PIT,,,0.84471,42,21,1,19,WC,20:15,2021_19_PIT_KC
2022-01-17,2021,0,1,LAR,ARI,,,0.62339,34,11,1,19,WC,20:15,2021_19_ARI_LA
2022-01-22,2021,0,1,TEN,CIN,,,0.639271,16,19,0,20,DIV,16:30,2021_20_CIN_TEN
2022-01-22,2021,0,1,GB,SF,,,0.703388,10,13,0,20,DIV,20:15,2021_20_SF_GB
2022-01-23,2021,0,1,TB,LAR,,,0.57755,27,30,0,20,DIV,15:00,2021_20_LA_TB
2022-01-23,2021,0,1,KC,BUF,,,0.564995,42,36,1,20,DIV,18:30,2021_20_BUF_KC
2022-01-30,2021,0,1,KC,CIN,,,0.727273,24,27,0,21,CON,15:00,2021_21_CIN_KC
2022-01-30,2021,0,1,LAR,SF,,,0.62111,20,17,1,21,CON,18:30,2021_21_SF_LA
2022-02-13,2021,1,1,CIN,LAR,,,0.369898,20,23,0,22,SB,18:30,2021_22_LA_CIN
2022-09-08,2022,0,0,LAR,BUF,,,0.473778,10,31,0,1,REG,20:20,2022_01_BUF_LA
2022-09-11,2022,0,0,ATL,NO,,,0.323382,26,27,0,1,REG,13:00,2022_01_NO_ATL
2022-09-11,2022,0,0,CAR,CLE,,,0.543147,24,26,0,1,REG,13:00,2022_01_CLE_CAR
2022-09-11,2022,0,0,CHI,SF,,,0.306835,19,10,1,1,REG,13:00,2022_01_SF_CHI
2022-09-11,2022,0,0,CIN,PIT,,,0.73318,20,23,0,1,REG,13:00,2022_01_PIT_CIN
2022-09-11,2022,0,0,DET,PHI,,,0.31296,35,38,0,1,REG,13:00,2022_01_PHI_DET
2022-09-11,2022,0,0,HOU,IND,,,0.27758,20,20,0.5,1,REG,13:00,2022_01_IND_HOU
2022-09-11,2022,0,0,MIA,NE,,,0.593301,20,7,1,1,REG,13:00,2022_01_NE_MIA
2022-09-11,2022,0,0,NYJ,BAL,,,0.293845,9,24,0,1,REG,13:00,2022_01_BAL_NYJ
2022-09-11,2022,0,0,WSH,JAX,,,0.59868,28,22,1,1,REG,13:00,2022_01_JAX_WAS
2022-09-11,2022,0,0,ARI,KC,,,0.303208,21,44,0,1,REG,16:25,2022_01_KC_ARI
2022-09-11,2022,0,0,LAC,OAK,,,0.626567,24,19,1,1,REG,16:25,2022_01_LV_LAC
2022-09-11,2022,0,0,MIN,GB,,,0.541985,23,7,1,1,REG,16:25,2022_01_GB_MIN
2022-09-11,2022,0,0,TEN,NYG,,,0.685386,20,21,0,1,REG,16:25,2022_01_NYG_TEN
2022-09-11,2022,0,0,DAL,TB,,,0.443303,3,19,0,1,REG,20:20,2022_01_TB_DAL
2022-09-12,2022,0,0,SEA,DEN,,,0.30297,17,16,1,1,REG,20:15,2022_01_DEN_SEA
2022-09-15,2022,0,0,KC,LAC,,,0.635425,27,24,1,2,REG,20:15,2022_02_LAC_KC
2022-09-18,2022,0,0,BAL,MIA,,,0.606393,38,42,0,2,REG,13:00,2022_02_MIA_BAL
2022-09-18,2022,0,0,CLE,NYJ,,,0.6829,30,31,0,2,REG,13:00,2022_02_NYJ_CLE
2022-09-18,2022,0,0,DET,WSH,,,0.480445,36,27,1,2,REG,13:00,2022_02_WAS_DET
2022-09-18,2022,0,0,JAX,IND,,,0.403492,24,0,1,2,REG,13:00,2022_02_IND_JAX
2022-09-18,2022,0,0,NO,TB,,,0.435005,10,20,0,2,REG,13:00,2022_02_TB_NO
2022-09-18,2022,0,0,NYG,CAR,,,0.480445,19,16,1,2,REG,13:00,2022_02_CAR_NYG
2022-09-18,2022,0,0,PIT,NE,,,0.414938,14,17,0,2,REG,13:00,2022_02_NE_PIT
2022-09-18,2022,0,0,LAR,ATL,,,0.800143,31,27,1,2,REG,16:05,2022_02_ATL_LA
2022-09-18,2022,0,0,SF,SEA,,,0.767839,27,7,1,2,REG,16:05,2022_02_SEA_SF
2022-09-18,2022,0,0,DAL,CIN,,,0.269782,20,17,1,2,REG,16:25,2022_02_CIN_DAL
2022-09-18,2022,0,0,DEN,HOU,,,0.802563,16,9,1,2,REG,16:25,2022_02_HOU_DEN
2022-09-18,2022,0,0,OAK,ARI,,,0.672184,23,29,0,2,REG,16:25,2022_02_ARI_LV
2022-09-18,2022,0,0,GB,CHI,,,0.783478,27,10,1,2,REG,20:20,2022_02_CHI_GB
2022-09-19,2022,0,0,BUF,TEN,,,0.773926,41,7,1,2,REG,19:15,2022_02_TEN_BUF
2022-09-19,2022,0,0,PHI,MIN,,,0.570464,24,7,1,2,REG,20:30,2022_02_MIN_PHI
2022-09-22,2022,0,0,CLE,PIT,,,0.655785,29,17,1,3,REG,20:15,2022_03_PIT_CLE
2022-09-25,2022,0,0,CAR,NO,,,0.460972,22,14,1,3,REG,13:00,2022_03_NO_CAR
2022-09-25,2022,0,0,CHI,HOU,,,0.594911,23,20,1,3,REG,13:00,2022_03_HOU_CHI
2022-09-25,2022,0,0,IND,KC,,,0.35167,20,17,1,3,REG,13:00,2022_03_KC_IND
2022-09-25,2022,0,0,MIA,BUF,,,0.354491,21,19,1,3,REG,13:00,2022_03_BUF_MIA
2022-09-25,2022,0,0,MIN,DET,,,0.706994,28,24,1,3,REG,13:00,2022_03_DET_MIN
2022-09-25,2022,0,0,NE,BAL,,,0.425965,26,37,0,3,REG,13:00,2022_03_BAL_NE
2022-09-25,2022,0,0,NYJ,CIN,,,0.305082,12,27,0,3,REG,13:00,2022_03_CIN_NYJ
2022-09-25,2022,0,0,TEN,OAK,,,0.449131,24,22,1,3,REG,13:00,2022_03_LV_TEN
2022-09-25,2022,0,0,WSH,PHI,,,0.313653,8,24,0,3,REG,13:00,2022_03_PHI_WAS
2022-09-25,2022,0,0,LAC,JAX,,,0.696133,10,38,0,3,REG,16:05,2022_03_JAX_LAC
2022-09-25,2022,0,0,ARI,LAR,,,0.385146,12,20,0,3,REG,16:25,2022_03_LA_ARI
2022-09-25,2022,0,0,SEA,ATL,,,0.502323,23,27,0,3,REG,16:25,2022_03_ATL_SEA
2022-09-25,2022,0,0,TB,GB,,,0.539028,12,14,0,3,REG,16:25,2022_03_GB_TB
2022-09-25,2022,0,0,DEN,SF,,,0.489612,11,10,1,3,REG,20:20,2022_03_SF_DEN
2022-09-26,2022,0,0,NYG,DAL,,,0.53271,16,23,0,3,REG,20:15,2022_03_DAL_NYG
2022-09-29,2022,0,0,CIN,MIA,,,0.637998,27,15,1,4,REG,20:15,2022_04_MIA_CIN
2022-10-02,2022,1,0,NO,MIN,,,0.35167,25,28,0,4,REG,09:30,2022_04_MIN_NO
2022-10-02,2022,0,0,ATL,CLE,,,0.495353,23,20,1,4,REG,13:00,2022_04_CLE_ATL
2022-10-02,2022,0,0,BAL,BUF,,,0.383704,20,23,0,4,REG,13:00,2022_04_BUF_BAL
2022-10-02,2022,0,0,DAL,WSH,,,0.593301,25,10,1,4,REG,13:00,2022_04_WAS_DAL
2022-10-02,2022,0,0,DET,SEA,,,0.611939,45,48,0,4,REG,13:00,2022_04_SEA_DET
2022-10-02,2022,0,0,HOU,LAC,,,0.318794,24,34,0,4,REG,13:00,2022_04_LAC_HOU
2022-10-02,2022,0,0,IND,TEN,,,0.654626,17,24,0,4,REG,13:00,2022_04_TEN_IND
2022-10-02,2022,0,0,NYG,CHI,,,0.5758,20,12,1,4,REG,13:00,2022_04_CHI_NYG
2022-10-02,2022,0,0,PHI,JAX,,,0.69904,29,21,1,4,REG,13:00,2022_04_JAX_PHI
2022-10-02,2022,0,0,PIT,NYJ,,,0.6018,20,24,0,4,REG,13:00,2022_04_NYJ_PIT
2022-10-02,2022,0,0,CAR,ARI,,,0.517291,16,26,0,4,REG,16:05,2022_04_ARI_CAR
2022-10-02,2022,0,0,GB,NE,,,0.788312,27,24,1,4,REG,16:25,2022_04_NE_GB
2022-10-02,2022,0,0,OAK,DEN,,,0.564242,32,23,1,4,REG,16:25,2022_04_DEN_LV
2022-10-02,2022,0,0,TB,KC,,,0.541985,31,41,0,4,REG,20:20,2022_04_KC_TB
2022-10-03,2022,0,0,SF,LAR,,,0.539928,24,9,1,4,REG,20:15,2022_04_LA_SF
2022-10-06,2022,0,0,DEN,IND,,,0.623826,9,12,0,5,REG,20:15,2022_05_IND_DEN
2022-10-09,2022,1,0,GB,NYG,,,0.774917,22,27,0,5,REG,09:30,2022_05_NYG_GB
2022-10-09,2022,0,0,BUF,PIT,,,0.854929,38,3,1,5,REG,13:00,2022_05_PIT_BUF
2022-10-09,2022,0,0,CLE,LAC,,,0.480445,28,30,0,5,REG,13:00,2022_05_LAC_CLE
2022-10-09,2022,0,0,JAX,HOU,,,0.730925,6,13,0,5,REG,13:00,2022_05_HOU_JAX
2022-10-09,2022,0,0,MIN,CHI,,,0.770109,29,22,1,5,REG,13:00,2022_05_CHI_MIN
2022-10-09,2022,0,0,NE,DET,,,0.581675,29,0,1,5,REG,13:00,2022_05_DET_NE
2022-10-09,2022,0,0,NO,SEA,,,0.676909,39,32,1,5,REG,13:00,2022_05_SEA_NO
2022-10-09,2022,0,0,NYJ,MIA,,,0.396657,40,17,1,5,REG,13:00,2022_05_MIA_NYJ
2022-10-09,2022,0,0,TB,ATL,,,0.786849,21,15,1,5,REG,13:00,2022_05_ATL_TB
2022-10-09,2022,0,0,WSH,TEN,,,0.488372,17,21,0,5,REG,13:00,2022_05_TEN_WAS
2022-10-09,2022,0,0,CAR,SF,,,0.318083,15,37,0,5,REG,16:05,2022_05_SF_CAR
2022-10-09,2022,0,0,ARI,PHI,,,0.328867,17,20,0,5,REG,16:25,2022_05_PHI_ARI
2022-10-09,2022,0,0,LAR,DAL,,,0.669763,10,22,0,5,REG,16:25,2022_05_DAL_LA
2022-10-09,2022,0,0,BAL,CIN,,,0.611414,19,17,1,5,REG,20:20,2022_05_CIN_BAL
2022-10-10,2022,0,0,KC,OAK,,,0.740883,30,29,1,5,REG,20:15,2022_05_LV_KC
2022-10-13,2022,0,0,CHI,WSH,,,0.46729,7,12,0,6,REG,20:15,2022_06_WAS_CHI
2022-10-16,2022,0,0,ATL,SF,,,0.366748,28,14,1,6,REG,13:00,2022_06_SF_ATL
2022-10-16,2022,0,0,CLE,NE,,,0.569738,15,38,0,6,REG,13:00,2022_06_NE_CLE
2022-10-16,2022,0,0,GB,NYJ,,,0.760386,10,27,0,6,REG,13:00,2022_06_NYJ_GB
2022-10-16,2022,0,0,IND,JAX,,,0.535759,34,27,1,6,REG,13:00,2022_06_JAX_IND
2022-10-16,2022,0,0,MIA,MIN,,,0.379441,16,24,0,6,REG,13:00,2022_06_MIN_MIA
2022-10-16,2022,0,0,NO,CIN,,,0.393607,26,30,0,6,REG,13:00,2022_06_CIN_NO
2022-10-16,2022,0,0,NYG,BAL,,,0.318083,24,20,1,6,REG,13:00,2022_06_BAL_NYG
2022-10-16,2022,0,0,PIT,TB,,,0.229377,20,18,1,6,REG,13:00,2022_06_TB_PIT
2022-10-16,2022,0,0,LAR,CAR,,,0.781012,24,10,1,6,REG,16:05,2022_06_CAR_LA
2022-10-16,2022,0,0,SEA,ARI,,,0.437621,19,9,1,6,REG,16:05,2022_06_ARI_SEA
2022-10-16,2022,0,0,KC,BUF,,,0.420714,20,24,0,6,REG,16:25,2022_06_BUF_KC
2022-10-16,2022,0,0,PHI,DAL,,,0.723913,26,17,1,6,REG,20:20,2022_06_DAL_PHI
2022-10-17,2022,0,0,LAC,DEN,,,0.63369,19,16,1,6,REG,20:15,2022_06_DEN_LAC
2022-10-20,2022,0,0,ARI,NO,,,0.568656,42,34,1,7,REG,20:15,2022_07_NO_ARI
2022-10-23,2022,0,0,BAL,CLE,,,0.717472,23,20,1,7,REG,13:00,2022_07_CLE_BAL
2022-10-23,2022,0,0,CAR,TB,,,0.15528,21,3,1,7,REG,13:00,2022_07_TB_CAR
2022-10-23,2022,0,0,CIN,ATL,,,0.709896,35,17,1,7,REG,13:00,2022_07_ATL_CIN
2022-10-23,2022,0,0,DAL,DET,,,0.714928,24,6,1,7,REG,13:00,2022_07_DET_DAL
2022-10-23,2022,0,0,JAX,NYG,,,0.606942,17,23,0,7,REG,13:00,2022_07_NYG_JAX
2022-10-23,2022,0,0,TEN,IND,,,0.574035,19,10,1,7,REG,13:00,2022_07_IND_TEN
2022-10-23,2022,0,0,WSH,GB,,,0.35656,23,21,1,7,REG,13:00,2022_07_GB_WAS
2022-10-23,2022,0,0,DEN,NYJ,,,0.453955,9,16,0,7,REG,16:05,2022_07_NYJ_DEN
2022-10-23,2022,0,0,OAK,HOU,,,0.742969,38,20,1,7,REG,16:05,2022_07_HOU_LV
2022-10-23,2022,0,0,LAC,SEA,,,0.66794,23,37,0,7,REG,16:25,2022_07_SEA_LAC
2022-10-23,2022,0,0,SF,KC,,,0.497677,23,44,0,7,REG,16:25,2022_07_KC_SF
2022-10-23,2022,0,0,MIA,PIT,,,0.726462,16,10,1,7,REG,20:20,2022_07_PIT_MIA
2022-10-24,2022,0,0,NE,CHI,,,0.772836,14,33,0,7,REG,20:15,2022_07_CHI_NE
2022-10-27,2022,0,0,TB,BAL,,,0.548049,22,27,0,8,REG,20:15,2022_08_BAL_TB
2022-10-30,2022,1,0,JAX,DEN,,,0.504647,17,21,0,8,REG,09:30,2022_08_DEN_JAX
2022-10-30,2022,0,0,ATL,CAR,,,0.64991,37,34,1,8,REG,13:00,2022_08_CAR_ATL
2022-10-30,2022,0,0,DAL,CHI,,,0.786849,49,29,1,8,REG,13:00,2022_08_CHI_DAL
2022-10-30,2022,0,0,DET,MIA,,,0.362002,27,31,0,8,REG,13:00,2022_08_MIA_DET
2022-10-30,2022,0,0,MIN,ARI,,,0.64833,34,26,1,8,REG,13:00,2022_08_ARI_MIN
2022-10-30,2022,0,0,NO,OAK,,,0.469433,24,0,1,8,REG,13:00,2022_08_LV_NO
2022-10-30,2022,0,0,NYJ,NE,,,0.406699,17,22,0,8,REG,13:00,2022_08_NE_NYJ
2022-10-30,2022,0,0,PHI,PIT,,,0.804978,35,13,1,8,REG,13:00,2022_08_PIT_PHI
2022-10-30,2022,0,0,HOU,TEN,,,0.478203,10,17,0,8,REG,16:05,2022_08_TEN_HOU
2022-10-30,2022,0,0,IND,WSH,,,0.586736,16,17,0,8,REG,16:25,2022_08_WAS_IND
2022-10-30,2022,0,0,LAR,SF,,,0.502323,14,31,0,8,REG,16:25,2022_08_SF_LA
2022-10-30,2022,0,0,SEA,NYG,,,0.605428,27,13,1,8,REG,16:25,2022_08_NYG_SEA
2022-10-30,2022,0,0,BUF,GB,,,0.791527,27,17,1,8,REG,20:20,2022_08_GB_BUF
2022-10-31,2022,0,0,CLE,CIN,,,0.395126,32,13,1,8,REG,20:15,2022_08_CIN_CLE
2022-11-03,2022,0,0,HOU,PHI,,,0.15167,17,29,0,9,REG,20:15,2022_09_PHI_HOU
2022-11-06,2022,0,0,ATL,LAC,,,0.424899,17,20,0,9,REG,13:00,2022_09_LAC_ATL
2022-11-06,2022,0,0,CHI,MIA,,,0.358208,32,35,0,9,REG,13:00,2022_09_MIA_CHI
2022-11-06,2022,0,0,CIN,CAR,,,0.745786,42,21,1,9,REG,13:00,2022_09_CAR_CIN
2022-11-06,2022,0,0,DET,GB,,,0.360729,15,9,1,9,REG,13:00,2022_09_GB_DET
2022-11-06,2022,0,0,JAX,OAK,,,0.451107,27,20,1,9,REG,13:00,2022_09_LV_JAX
2022-11-06,2022,0,0,NE,IND,,,0.661811,26,3,1,9,REG,13:00,2022_09_IND_NE
2022-11-06,2022,0,0,NYJ,BUF,,,0.193864,20,17,1,9,REG,13:00,2022_09_BUF_NYJ
2022-11-06,2022,0,0,WSH,MIN,,,0.388061,17,20,0,9,REG,13:00,2022_09_MIN_WAS
2022-11-06,2022,0,0,ARI,SEA,,,0.548049,21,31,0,9,REG,16:05,2022_09_SEA_ARI
2022-11-06,2022,0,0,TB,LAR,,,0.597102,16,13,1,9,REG,16:25,2022_09_LA_TB
2022-11-06,2022,0,0,KC,TEN,,,0.84619,20,17,1,9,REG,20:20,2022_09_TEN_KC
2022-11-07,2022,0,0,NO,BAL,,,0.460072,13,27,0,9,REG,20:15,2022_09_BAL_NO
2022-11-10,2022,0,0,CAR,ATL,,,0.445229,25,15,1,10,REG,20:15,2022_10_ATL_CAR
2022-11-13,2022,1,0,TB,SEA,,,0.564995,21,16,1,10,REG,09:30,2022_10_SEA_TB
2022-11-13,2022,0,0,BUF,MIN,,,0.705311,30,33,0,10,REG,13:00,2022_10_MIN_BUF
2022-11-13,2022,0,0,CHI,DET,,,0.59868,30,31,0,10,REG,13:00,2022_10_DET_CHI
2022-11-13,2022,0,0,KC,JAX,,,0.775899,27,17,1,10,REG,13:00,2022_10_JAX_KC
2022-11-13,2022,0,0,MIA,CLE,,,0.622441,39,17,1,10,REG,13:00,2022_10_CLE_MIA
2022-11-13,2022,0,0,NYG,HOU,,,0.670076,24,16,1,10,REG,13:00,2022_10_HOU_NYG
2022-11-13,2022,0,0,PIT,NO,,,0.524019,20,10,1,10,REG,13:00,2022_10_NO_PIT
2022-11-13,2022,0,0,TEN,DEN,,,0.560501,17,10,1,10,REG,13:00,2022_10_DEN_TEN
2022-11-13,2022,0,0,OAK,IND,,,0.64833,20,25,0,10,REG,16:05,2022_10_IND_LV
2022-11-13,2022,0,0,GB,DAL,,,0.35167,31,28,1,10,REG,16:25,2022_10_DAL_GB
2022-11-13,2022,0,0,LAR,ARI,,,0.627043,17,27,0,10,REG,16:25,2022_10_ARI_LA
2022-11-13,2022,0,0,SF,LAC,,,0.758475,22,16,1,10,REG,20:20,2022_10_LAC_SF
2022-11-14,2022,0,0,PHI,WSH,,,0.808052,21,32,0,10,REG,20:15,2022_10_WAS_PHI
2022-11-17,2022,0,0,GB,TEN,,,0.614854,17,27,0,11,REG,20:15,2022_11_TEN_GB
2022-11-20,2022,0,0,ATL,CHI,,,0.566089,27,24,1,11,REG,13:00,2022_11_CHI_ATL
2022-11-20,2022,0,0,BAL,CAR,,,0.8393,13,3,1,11,REG,13:00,2022_11_CAR_BAL
2022-11-20,2022,1,0,BUF,CLE,,,0.756182,31,23,1,11,REG,13:00,2022_11_CLE_BUF
2022-11-20,2022,0,0,HOU,WSH,,,0.414938,10,23,0,11,REG,13:00,2022_11_WAS_HOU
2022-11-20,2022,0,0,IND,PHI,,,0.29031,16,17,0,11,REG,13:00,2022_11_PHI_IND
2022-11-20,2022,0,0,NE,NYJ,,,0.629269,10,3,1,11,REG,13:00,2022_11_NYJ_NE
2022-11-20,2022,0,0,NO,LAR,,,0.539928,27,20,1,11,REG,13:00,2022_11_LA_NO
2022-11-20,2022,0,0,NYG,DET,,,0.59868,18,31,0,11,REG,13:00,2022_11_DET_NYG
2022-11-20,2022,0,0,DEN,OAK,,,0.57755,16,22,0,11,REG,16:05,2022_11_LV_DEN
2022-11-20,2022,0,0,MIN,DAL,,,0.447172,3,40,0,11,REG,16:25,2022_11_DAL_MIN
2022-11-20,2022,0,0,PIT,CIN,,,0.370731,30,37,0,11,REG,16:25,2022_11_CIN_PIT
2022-11-20,2022,0,0,LAC,KC,,,0.321069,27,30,0,11,REG,20:20,2022_11_KC_LAC
2022-11-21,2022,1,0,ARI,SF,,,0.215613,10,38,0,11,REG,20:15,2022_11_SF_ARI
2022-11-24,2022,0,0,DET,BUF,,,0.219456,25,28,0,12,REG,12:30,2022_12_BUF_DET
2022-11-24,2022,0,0,DAL,NYG,,,0.79054,28,20,1,12,REG,16:30,2022_12_NYG_DAL
2022-11-24,2022,0,0,MIN,NE,,,0.562379,33,26,1,12,REG,20:20,2022_12_NE_MIN
2022-11-27,2022,0,0,CAR,DEN,,,0.475981,23,10,1,12,REG,13:00,2022_12_DEN_CAR
2022-11-27,2022,0,0,CLE,TB,,,0.388061,23,17,1,12,REG,13:00,2022_12_TB_CLE
2022-11-27,2022,0,0,JAX,BAL,,,0.394572,28,27,1,12,REG,13:00,2022_12_BAL_JAX
2022-11-27,2022,0,0,MIA,HOU,,,0.864069,30,15,1,12,REG,13:00,2022_12_HOU_MIA
2022-11-27,2022,0,0,NYJ,CHI,,,0.766154,31,10,1,12,REG,13:00,2022_12_CHI_NYJ
2022-11-27,2022,0,0,TEN,CIN,,,0.5,16,20,0,12,REG,13:00,2022_12_CIN_TEN
2022-11-27,2022,0,0,WSH,ATL,,,0.629722,19,13,1,12,REG,13:00,2022_12_ATL_WAS
2022-11-27,2022,0,0,ARI,LAC,,,0.437621,24,25,0,12,REG,16:05,2022_12_LAC_ARI
2022-11-27,2022,0,0,SEA,OAK,,,0.644675,34,40,0,12,REG,16:05,2022_12_LV_SEA
2022-11-27,2022,0,0,KC,LAR,,,0.88826,26,10,1,12,REG,16:25,2022_12_LA_KC
2022-11-27,2022,0,0,SF,NO,,,0.772836,13,0,1,12,REG,16:25,2022_12_NO_SF
2022-11-27,2022,0,0,PHI,GB,,,0.714928,40,33,1,12,REG,20:20,2022_12_GB_PHI
2022-11-28,2022,0,0,IND,PIT,,,0.548049,17,24,0,12,REG,20:15,2022_12_PIT_IND
2022-12-01,2022,0,0,NE,BUF,,,0.367623,10,24,0,13,REG,20:15,2022_13_BUF_NE
2022-12-04,2022,0,0,ATL,PIT,,,0.481476,16,19,0,13,REG,13:00,2022_13_PIT_ATL
2022-12-04,2022,0,0,BAL,DEN,,,0.753608,10,9,1,13,REG,13:00,2022_13_DEN_BAL
2022-12-04,2022,0,0,CHI,GB,,,0.370731,19,28,0,13,REG,13:00,2022_13_GB_CHI
2022-12-04,2022,0,0,DET,JAX,,,0.528404,40,14,1,13,REG,13:00,2022_13_JAX_DET
2022-12-04,2022,0,0,HOU,CLE,,,0.255479,14,27,0,13,REG,13:00,2022_13_CLE_HOU
2022-12-04,2022,0,0,MIN,NYJ,,,0.579286,27,22,1,13,REG,13:00,2022_13_NYJ_MIN
2022-12-04,2022,0,0,NYG,WSH,,,0.458904,20,20,0.5,13,REG,13:00,2022_13_WAS_NYG
2022-12-04,2022,0,0,PHI,TEN,,,0.662923,35,10,1,13,REG,13:00,2022_13_TEN_PHI
2022-12-04,2022,0,0,LAR,SEA,,,0.276087,23,27,0,13,REG,16:05,2022_13_SEA_LA
2022-12-04,2022,0,0,SF,MIA,,,0.671133,33,17,1,13,REG,16:05,2022_13_MIA_SF
2022-12-04,2022,0,0,CIN,KC,,,0.444104,27,24,1,13,REG,16:25,2022_13_KC_CIN
2022-12-04,2022,0,0,OAK,LAC,,,0.566833,27,20,1,13,REG,16:25,2022_13_LAC_LV
2022-12-04,2022,0,0,DAL,IND,,,0.796334,54,19,1,13,REG,20:20,2022_13_IND_DAL
2022-12-05,2022,0,0,TB,NO,,,0.637998,17,16,1,13,REG,20:15,2022_13_NO_TB
2022-12-08,2022,0,0,LAR,OAK,,,0.281752,17,16,1,14,REG,20:15,2022_14_LV_LA
2022-12-11,2022,0,0,BUF,NYJ,,,0.775409,20,12,1,14,REG,13:00,2022_14_NYJ_BUF
2022-12-11,2022,0,0,CIN,CLE,,,0.653459,23,10,1,14,REG,13:00,2022_14_CLE_CIN
2022-12-11,2022,0,0,DAL,HOU,,,0.904627,27,23,1,14,REG,13:00,2022_14_HOU_DAL
2022-12-11,2022,0,0,DET,MIN,,,0.554771,34,23,1,14,REG,13:00,2022_14_MIN_DET
2022-12-11,2022,0,0,NYG,PHI,,,0.269944,22,48,0,14,REG,13:00,2022_14_PHI_NYG
2022-12-11,2022,0,0,PIT,BAL,,,0.539928,14,16,0,14,REG,13:00,2022_14_BAL_PIT
2022-12-11,2022,0,0,TEN,JAX,,,0.611939,22,36,0,14,REG,13:00,2022_14_JAX_TEN
2022-12-11,2022,0,0,DEN,KC,,,0.226164,28,34,0,14,REG,16:05,2022_14_KC_DEN
2022-12-11,2022,0,0,SEA,CAR,,,0.649533,24,30,0,14,REG,16:25,2022_14_CAR_SEA
2022-12-11,2022,0,0,SF,TB,,,0.645509,35,7,1,14,REG,16:25,2022_14_TB_SF
2022-12-11,2022,0,0,LAC,MIA,,,0.396096,23,17,1,14,REG,20:20,2022_14_MIA_LAC
2022-12-12,2022,0,0,ARI,NE,,,0.458015,13,27,0,14,REG,20:15,2022_14_NE_ARI
2022-12-15,2022,0,0,SEA,SF,,,0.387117,13,21,0,15,REG,20:15,2022_15_SF_SEA
2022-12-17,2022,0,0,MIN,IND,,,0.63629,39,36,1,15,REG,13:00,2022_15_IND_MIN
2022-12-17,2022,0,0,CLE,BAL,,,0.592294,13,3,1,15,REG,16:30,2022_15_BAL_CLE
2022-12-17,2022,0,0,BUF,MIA,,,0.739712,32,29,1,15,REG,20:15,2022_15_MIA_BUF
2022-12-18,2022,0,0,CAR,PIT,,,0.576491,16,24,0,15,REG,13:00,2022_15_PIT_CAR
2022-12-18,2022,0,0,CHI,PHI,,,0.229377,20,25,0,15,REG,13:00,2022_15_PHI_CHI
2022-12-18,2022,0,0,HOU,KC,,,0.144216,24,30,0,15,REG,13:00,2022_15_KC_HOU
2022-12-18,2022,0,0,JAX,DAL,,,0.36371,40,34,1,15,REG,13:00,2022_15_DAL_JAX
2022-12-18,2022,0,0,NO,ATL,,,0.678931,21,18,1,15,REG,13:00,2022_15_ATL_NO
2022-12-18,2022,0,0,NYJ,DET,,,0.555896,17,20,0,15,REG,13:00,2022_15_DET_NYJ
2022-12-18,2022,0,0,DEN,ARI,,,0.534835,24,15,1,15,REG,16:05,2022_15_ARI_DEN
2022-12-18,2022,0,0,OAK,NE,,,0.550036,30,24,1,15,REG,16:05,2022_15_NE_LV
2022-12-18,2022,0,0,LAC,TEN,,,0.597102,17,14,1,15,REG,16:25,2022_15_TEN_LAC
2022-12-18,2022,0,0,TB,CIN,,,0.390066,23,34,0,15,REG,16:25,2022_15_CIN_TB
2022-12-18,2022,0,0,WSH,NYG,,,0.652284,12,20,0,15,REG,20:20,2022_15_NYG_WAS
2022-12-19,2022,0,0,GB,LAR,,,0.757905,24,12,1,15,REG,20:15,2022_15_LA_GB
2022-12-22,2022,0,0,NYJ,JAX,,,0.562379,3,19,0,16,REG,20:15,2022_16_JAX_NYJ
2022-12-24,2022,0,0,BAL,ATL,,,0.712334,17,9,1,16,REG,13:00,2022_16_ATL_BAL
2022-12-24,2022,0,0,CAR,DET,,,0.449964,37,23,1,16,REG,13:00,2022_16_DET_CAR
2022-12-24,2022,0,0,CHI,BUF,,,0.240284,13,35,0,16,REG,13:00,2022_16_BUF_CHI
2022-12-24,2022,0,0,CLE,NO,,,0.627923,10,17,0,16,REG,13:00,2022_16_NO_CLE
2022-12-24,2022,0,0,KC,SEA,,,0.79237,24,10,1,16,REG,13:00,2022_16_SEA_KC
2022-12-24,2022,0,0,MIN,NYG,,,0.665125,27,24,1,16,REG,13:00,2022_16_NYG_MIN
2022-12-24,2022,0,0,NE,CIN,,,0.413264,18,22,0,16,REG,13:00,2022_16_CIN_NE
2022-12-24,2022,0,0,TEN,HOU,,,0.614341,14,19,0,16,REG,14:00,2022_16_HOU_TEN
2022-12-24,2022,0,0,SF,WSH,,,0.715121,37,20,1,16,REG,16:05,2022_16_WAS_SF
2022-12-24,2022,0,0,DAL,PHI,,,0.649533,40,34,1,16,REG,16:25,2022_16_PHI_DAL
2022-12-24,2022,0,0,PIT,OAK,,,0.570464,13,10,1,16,REG,20:15,2022_16_LV_PIT
2022-12-25,2022,0,0,MIA,GB,,,0.629269,20,26,0,16,REG,13:00,2022_16_GB_MIA
2022-12-25,2022,0,0,LAR,DEN,,,0.382273,51,14,1,16,REG,16:30,2022_16_DEN_LA
2022-12-25,2022,0,0,ARI,TB,,,0.260288,16,19,0,16,REG,20:20,2022_16_TB_ARI
2022-12-26,2022,0,0,IND,LAC,,,0.367623,3,20,0,16,REG,20:15,2022_16_LAC_IND
2022-12-29,2022,0,0,TEN,DAL,,,0.146164,13,27,0,17,REG,20:15,2022_17_DAL_TEN
2023-01-01,2022,0,0,ATL,ARI,,,0.715121,20,19,1,17,REG,13:00,2022_17_ARI_ATL
2023-01-01,2022,0,0,DET,CHI,,,0.668695,41,10,1,17,REG,13:00,2022_17_CHI_DET
2023-01-01,2022,0,0,HOU,JAX,,,0.365005,3,31,0,17,REG,13:00,2022_17_JAX_HOU
2023-01-01,2022,0,0,KC,DEN,,,0.849532,27,24,1,17,REG,13:00,2022_17_DEN_KC
2023-01-01,2022,0,0,NE,MIA,,,0.600246,23,21,1,17,REG,13:00,2022_17_MIA_NE
2023-01-01,2022,0,0,NYG,IND,,,0.677634,38,10,1,17,REG,13:00,2022_17_IND_NYG
2023-01-01,2022,0,0,PHI,NO,,,0.673531,10,20,0,17,REG,13:00,2022_17_NO_PHI
2023-01-01,2022,0,0,TB,CAR,,,0.631054,30,24,1,17,REG,13:00,2022_17_CAR_TB
2023-01-01,2022,0,0,WSH,CLE,,,0.526222,10,24,0,17,REG,13:00,2022_17_CLE_WAS
2023-01-01,2022,0,0,OAK,SF,,,0.205834,34,37,0,17,REG,16:05,2022_17_SF_LV
2023-01-01,2022,0,0,SEA,NYJ,,,0.482709,23,6,1,17,REG,16:05,2022_17_NYJ_SEA
2023-01-01,2022,0,0,GB,MIN,,,0.617727,41,17,1,17,REG,16:25,2022_17_MIN_GB
2023-01-01,2022,0,0,LAC,LAR,,,0.71766,31,10,1,17,REG,16:25,2022_17_LA_LAC
2023-01-01,2022,0,0,BAL,PIT,,,0.534835,13,16,0,17,REG,20:20,2022_17_PIT_BAL
2023-01-07,2022,0,0,OAK,KC,,,0.22143,13,31,0,18,REG,16:30,2022_18_KC_LV
2023-01-07,2022,0,0,JAX,TEN,,,0.702529,20,16,1,18,REG,20:15,2022_18_TEN_JAX
2023-01-08,2022,0,0,ATL,TB,,,0.6829,30,17,1,18,REG,13:00,2022_18_TB_ATL
2023-01-08,2022,0,0,BUF,NE,,,0.765519,35,23,1,18,REG,13:00,2022_18_NE_BUF
2023-01-08,2022,0,0,CHI,MIN,,,0.297471,13,29,0,18,REG,13:00,2022_18_MIN_CHI
2023-01-08,2022,0,0,CIN,BAL,,,0.831181,27,16,1,18,REG,13:00,2022_18_BAL_CIN
2023-01-08,2022,0,0,IND,HOU,,,0.572257,31,32,0,18,REG,13:00,2022_18_HOU_IND
2023-01-08,2022,0,0,MIA,NYJ,,,0.649533,11,6,1,18,REG,13:00,2022_18_NYJ_MIA
2023-01-08,2022,0,0,NO,CAR,,,0.625202,7,10,0,18,REG,13:00,2022_18_CAR_NO
2023-01-08,2022,0,0,PIT,CLE,,,0.572257,28,14,1,18,REG,13:00,2022_18_CLE_PIT
2023-01-08,2022,0,0,DEN,LAC,,,0.697921,31,28,1,18,REG,16:25,2022_18_LAC_DEN
2023-01-08,2022,0,0,PHI,NYG,,,0.898697,22,16,1,18,REG,16:25,2022_18_NYG_PHI
2023-01-08,2022,0,0,SEA,LAR,,,0.673229,19,16,1,18,REG,16:25,2022_18_LA_SEA
2023-01-08,2022,0,0,SF,ARI,,,0.886303,38,13,1,18,REG,16:25,2022_18_ARI_SF
2023-01-08,2022,0,0,WSH,DAL,,,0.259772,26,6,1,18,REG,16:25,2022_18_DAL_WAS
2023-01-08,2022,0,0,GB,DET,,,0.711526,16,20,0,18,REG,20:20,2022_18_DET_GB
2023-01-14,2022,0,1,SF,SEA,,,0.79237,41,23,1,19,WC,16:30,2022_19_SEA_SF
2023-01-14,2022,0,1,JAX,LAC,,,0.455976,31,30,1,19,WC,20:15,2022_19_LAC_JAX
2023-01-15,2022,0,1,BUF,MIA,,,0.870588,34,31,1,19,WC,13:00,2022_19_MIA_BUF
2023-01-15,2022,0,1,MIN,NYG,,,0.573328,24,31,0,19,WC,16:50,2022_19_NYG_MIN
2023-01-15,2022,0,1,CIN,BAL,,,0.763902,24,17,1,19,WC,20:15,2022_19_BAL_CIN
2023-01-16,2022,0,1,TB,DAL,,,0.439499,14,31,0,19,WC,20:15,2022_19_DAL_TB
2023-01-21,2022,0,1,KC,JAX,,,0.796737,27,20,1,20,DIV,16:30,2022_20_JAX_KC
2023-01-21,2022,0,1,PHI,NYG,,,0.759716,38,7,1,20,DIV,20:15,2022_20_NYG_PHI
2023-01-22,2022,0,1,BUF,CIN,,,0.701664,10,27,0,20,DIV,15:00,2022_20_CIN_BUF
2023-01-22,2022,0,1,SF,DAL,,,0.630606,19,12,1,20,DIV,18:30,2022_20_DAL_SF
2023-01-29,2022,0,1,PHI,SF,,,0.581008,31,7,1,21,CON,15:00,2022_21_SF_PHI
2023-01-29,2022,0,1,KC,CIN,,,0.553959,23,20,1,21,CON,18:30,2022_21_CIN_KC
2023-02-12,2022,1,1,PHI,KC,,,0.521797,35,38,0,22,SB,18:30,2022_22_KC_PHI
2023-09-07,2023,0,0,KC,DET,,,0.636904,20,21,0,1,REG,20:20,2023_01_DET_KC
2023-09-10,2023,0,0,ATL,CAR,,,0.63094,24,10,1,1,REG,13:00,2023_01_CAR_ATL
2023-09-10,2023,0,0,BAL,HOU,,,0.8,25,9,1,1,REG,13:00,2023_01_HOU_BAL
2023-09-10,2023,0,0,CLE,CIN,,,0.49567,24,3,1,1,REG,13:00,2023_01_CIN_CLE
2023-09-10,2023,0,0,IND,JAX,,,0.355271,21,31,0,1,REG,13:00,2023_01_JAX_IND
2023-09-10,2023,0,0,MIN,TB,,,0.644729,17,20,0,1,REG,13:00,2023_01_TB_MIN
2023-09-10,2023,0,0,NO,TEN,,,0.57206,16,15,1,1,REG,13:00,2023_01_TEN_NO
2023-09-10,2023,0,0,PIT,SF,,,0.478261,7,30,0,1,REG,13:00,2023_01_SF_PIT
2023-09-10,2023,0,0,WSH,ARI,,,0.740872,20,16,1,1,REG,13:00,2023_01_ARI_WAS
2023-09-10,2023,0,0,CHI,GB,,,0.517364,20,38,0,1,REG,16:25,2023_01_GB_CHI
2023-09-10,2023,0,0,DEN,OAK,,,0.59337,16,17,0,1,REG,16:25,2023_01_LV_DEN
2023-09-10,2023,0,0,LAC,MIA,,,0.59337,34,36,0,1,REG,16:25,2023_01_MIA_LAC
2023-09-10,2023,0,0,NE,PHI,,,0.377533,20,25,0,1,REG,16:25,2023_01_PHI_NE
2023-09-10,2023,0,0,SEA,LAR,,,0.657475,13,30,0,1,REG,16:25,2023_01_LA_SEA
2023-09-10,2023,0,0,NYG,DAL,,,0.396243,0,40,0,1,REG,20:20,2023_01_DAL_NYG
2023-09-11,2023,0,0,NYJ,BUF,,,0.448559,22,16,1,1,REG,20:15,2023_01_BUF_NYJ
2023-09-14,2023,0,0,PHI,MIN,,,0.675031,34,28,1,2,REG,20:15,2023_02_MIN_PHI
2023-09-17,2023,0,0,ATL,GB,,,0.57206,25,24,1,2,REG,13:00,2023_02_GB_ATL
2023-09-17,2023,0,0,BUF,OAK,,,0.747783,38,10,1,2,REG,13:00,2023_02_LV_BUF
2023-09-17,2023,0,0,CIN,BAL,,,0.609236,24,27,0,2,REG,13:00,2023_02_BAL_CIN
2023-09-17,2023,0,0,DET,SEA,,,0.657475,31,37,0,2,REG,13:00,2023_02_SEA_DET
2023-09-17,2023,0,0,HOU,IND,,,0.5,20,31,0,2,REG,13:00,2023_02_IND_HOU
2023-09-17,2023,0,0,JAX,KC,,,0.396243,9,17,0,2,REG,13:00,2023_02_KC_JAX
2023-09-17,2023,0,0,TB,CHI,,,0.551441,27,17,1,2,REG,13:00,2023_02_CHI_TB
2023-09-17,2023,0,0,TEN,LAC,,,0.436508,27,24,1,2,REG,13:00,2023_02_LAC_TEN
2023-09-17,2023,0,0,ARI,NYG,,,0.336352,28,31,0,2,REG,16:05,2023_02_NYG_ARI
2023-09-17,2023,0,0,LAR,SF,,,0.259128,23,30,0,2,REG,16:05,2023_02_SF_LA
2023-09-17,2023,0,0,DAL,NYJ,,,0.76,30,10,1,2,REG,16:25,2023_02_NYJ_DAL
2023-09-17,2023,0,0,DEN,WSH,,,0.636904,33,35,0,2,REG,16:25,2023_02_WAS_DEN
2023-09-17,2023,0,0,NE,MIA,,,0.457256,17,24,0,2,REG,20:20,2023_02_MIA_NE
2023-09-18,2023,0,0,CAR,NO,,,0.390764,17,20,0,2,REG,19:15,2023_02_NO_CAR
2023-09-18,2023,0,0,PIT,CLE,,,0.42794,26,22,1,2,REG,20:15,2023_02_CLE_PIT
2023-09-21,2023,0,0,SF,NYG,,,0.808157,30,12,1,3,REG,20:15,2023_03_NYG_SF
2023-09-24,2023,0,0,BAL,IND,,,0.76,19,22,0,3,REG,13:00,2023_03_IND_BAL
2023-09-24,2023,0,0,CLE,TEN,,,0.622467,27,3,1,3,REG,13:00,2023_03_TEN_CLE
2023-09-24,2023,0,0,DET,ATL,,,0.599639,20,6,1,3,REG,13:00,2023_03_ATL_DET
2023-09-24,2023,0,0,GB,NO,,,0.467532,18,17,1,3,REG,13:00,2023_03_NO_GB
2023-09-24,2023,0,0,JAX,HOU,,,0.76,17,37,0,3,REG,13:00,2023_03_HOU_JAX
2023-09-24,2023,0,0,MIA,DEN,,,0.685393,70,20,1,3,REG,13:00,2023_03_DEN_MIA
2023-09-24,2023,0,0,MIN,LAC,,,0.5,24,28,0,3,REG,13:00,2023_03_LAC_MIN
2023-09-24,2023,0,0,NYJ,NE,,,0.436508,10,15,0,3,REG,13:00,2023_03_NE_NYJ
2023-09-24,2023,0,0,WSH,BUF,,,0.319444,3,37,0,3,REG,13:00,2023_03_BUF_WAS
2023-09-24,2023,0,0,SEA,CAR,,,0.663648,37,27,1,3,REG,16:05,2023_03_CAR_SEA
2023-09-24,2023,0,0,ARI,DAL,,,0.16835,28,16,1,3,REG,16:25,2023_03_DAL_ARI
2023-09-24,2023,0,0,KC,CHI,,,0.846501,41,10,1,3,REG,16:25,2023_03_CHI_KC
2023-09-24,2023,0,0,OAK,PIT,,,0.57206,18,23,0,3,REG,20:20,2023_03_PIT_LV
2023-09-25,2023,0,0,TB,PHI,,,0.309207,11,25,0,3,REG,19:15,2023_03_PHI_TB
2023-09-25,2023,0,0,CIN,LAR,,,0.59337,19,16,1,3,REG,20:15,2023_03_LA_CIN
2023-09-28,2023,0,0,GB,DET,,,0.436508,20,34,0,4,REG,20:15,2023_04_DET_GB
2023-10-01,2023,1,0,JAX,ATL,,,0.622467,23,7,1,4,REG,09:30,2023_04_ATL_JAX
2023-10-01,2023,0,0,BUF,MIA,,,0.563492,48,20,1,4,REG,13:00,2023_04_MIA_BUF
2023-10-01,2023,0,0,CAR,MIN,,,0.336352,13,21,0,4,REG,13:00,2023_04_MIN_CAR
2023-10-01,2023,0,0,CHI,DEN,,,0.40663,28,31,0,4,REG,13:00,2023_04_DEN_CHI
2023-10-01,2023,0,0,CLE,BAL,,,0.448559,3,28,0,4,REG,13:00,2023_04_BAL_CLE
2023-10-01,2023,0,0,HOU,PIT,,,0.40663,30,6,1,4,REG,13:00,2023_04_PIT_HOU
2023-10-01,2023,0,0,IND,LAR,,,0.489166,23,29,0,4,REG,13:00,2023_04_LA_IND
2023-10-01,2023,0,0,NO,TB,,,0.644729,9,26,0,4,REG,13:00,2023_04_TB_NO
2023-10-01,2023,0,0,PHI,WSH,,,0.786744,34,31,1,4,REG,13:00,2023_04_WAS_PHI
2023-10-01,2023,0,0,TEN,CIN,,,0.40663,27,3,1,4,REG,13:00,2023_04_CIN_TEN
2023-10-01,2023,0,0,LAC,OAK,,,0.725753,24,17,1,4,REG,16:05,2023_04_LV_LAC
2023-10-01,2023,0,0,DAL,NE,,,0.709544,38,3,1,4,REG,16:25,2023_04_NE_DAL
2023-10-01,2023,0,0,SF,ARI,,,0.88,35,16,1,4,REG,16:25,2023_04_ARI_SF
2023-10-01,2023,0,0,NYJ,KC,,,0.204224,20,23,0,4,REG,20:20,2023_04_KC_NYJ
2023-10-02,2023,0,0,NYG,SEA,,,0.436508,3,24,0,4,REG,20:15,2023_04_SEA_NYG
2023-10-05,2023,0,0,WSH,CHI,,,0.690793,20,40,0,5,REG,20:15,2023_05_CHI_WAS
2023-10-08,2023,1,0,BUF,JAX,,,0.685393,20,25,0,5,REG,09:30,2023_05_JAX_BUF
2023-10-08,2023,0,0,ATL,HOU,,,0.563492,21,19,1,5,REG,13:00,2023_05_HOU_ATL
2023-10-08,2023,0,0,DET,CAR,,,0.786744,42,24,1,5,REG,13:00,2023_05_CAR_DET
2023-10-08,2023,0,0,IND,TEN,,,0.436508,23,16,1,5,REG,13:00,2023_05_TEN_IND
2023-10-08,2023,0,0,MIA,NYG,,,0.846501,31,16,1,5,REG,13:00,2023_05_NYG_MIA
2023-10-08,2023,0,0,NE,NO,,,0.551441,0,34,0,5,REG,13:00,2023_05_NO_NE
2023-10-08,2023,0,0,PIT,BAL,,,0.330993,17,10,1,5,REG,13:00,2023_05_BAL_PIT
2023-10-08,2023,0,0,ARI,CIN,,,0.396243,20,34,0,5,REG,16:05,2023_05_CIN_ARI
2023-10-08,2023,0,0,LAR,PHI,,,0.36906,14,23,0,5,REG,16:05,2023_05_PHI_LA
2023-10-08,2023,0,0,DEN,NYJ,,,0.551441,21,31,0,5,REG,16:25,2023_05_NYJ_DEN
2023-10-08,2023,0,0,MIN,KC,,,0.383562,20,27,0,5,REG,16:25,2023_05_KC_MIN
2023-10-08,2023,0,0,SF,DAL,,,0.616438,42,10,1,5,REG,20:20,2023_05_DAL_SF
2023-10-09,2023,0,0,OAK,GB,,,0.517364,17,13,1,5,REG,20:15,2023_05_GB_LV
2023-10-12,2023,0,0,KC,DEN,,,0.83165,19,8,1,6,REG,20:15,2023_06_DEN_KC
2023-10-15,2023,1,0,TEN,BAL,,,0.314607,16,24,0,6,REG,09:30,2023_06_BAL_TEN
2023-10-15,2023,0,0,ATL,WSH,,,0.532468,16,24,0,6,REG,13:00,2023_06_WAS_ATL
2023-10-15,2023,0,0,CHI,MIN,,,0.400361,13,19,0,6,REG,13:00,2023_06_MIN_CHI
2023-10-15,2023,0,0,CIN,SEA,,,0.582993,17,13,1,6,REG,13:00,2023_06_SEA_CIN
2023-10-15,2023,0,0,CLE,SF,,,0.208638,19,17,1,6,REG,13:00,2023_06_SF_CLE
2023-10-15,2023,0,0,HOU,NO,,,0.457256,20,13,1,6,REG,13:00,2023_06_NO_HOU
2023-10-15,2023,0,0,JAX,IND,,,0.644729,37,20,1,6,REG,13:00,2023_06_IND_JAX
2023-10-15,2023,0,0,MIA,CAR,,,0.88,42,21,1,6,REG,13:00,2023_06_CAR_MIA
2023-10-15,2023,0,0,OAK,NE,,,0.57206,21,17,1,6,REG,16:05,2023_06_NE_LV
2023-10-15,2023,0,0,LAR,ARI,,,0.740872,26,9,1,6,REG,16:25,2023_06_ARI_LA
2023-10-15,2023,0,0,NYJ,PHI,,,0.277921,20,14,1,6,REG,16:25,2023_06_PHI_NYJ
2023-10-15,2023,0,0,TB,DET,,,0.40663,6,20,0,6,REG,16:25,2023_06_DET_TB
2023-10-15,2023,0,0,BUF,NYG,,,0.886957,14,9,1,6,REG,20:20,2023_06_NYG_BUF
2023-10-16,2023,0,0,LAC,DAL,,,0.457256,17,20,0,6,REG,20:15,2023_06_DAL_LAC
2023-10-19,2023,0,0,NO,JAX,,,0.57206,24,31,0,7,REG,20:15,2023_07_JAX_NO
2023-10-22,2023,0,0,BAL,DET,,,0.59337,38,6,1,7,REG,13:00,2023_07_DET_BAL
2023-10-22,2023,0,0,CHI,OAK,,,0.436508,30,12,1,7,REG,13:00,2023_07_LV_CHI
2023-10-22,2023,0,0,IND,CLE,,,0.383562,38,39,0,7,REG,13:00,2023_07_CLE_IND
2023-10-22,2023,0,0,NE,BUF,,,0.234098,29,25,1,7,REG,13:00,2023_07_BUF_NE
2023-10-22,2023,0,0,NYG,WSH,,,0.40663,14,7,1,7,REG,13:00,2023_07_WAS_NYG
2023-10-22,2023,0,0,TB,ATL,,,0.57206,13,16,0,7,REG,13:00,2023_07_ATL_TB
2023-10-22,2023,0,0,LAR,PIT,,,0.609236,17,24,0,7,REG,16:05,2023_07_PIT_LA
2023-10-22,2023,0,0,SEA,ARI,,,0.786744,20,10,1,7,REG,16:05,2023_07_ARI_SEA
2023-10-22,2023,0,0,DEN,GB,,,0.517364,19,17,1,7,REG,16:25,2023_07_GB_DEN
2023-10-22,2023,0,0,KC,LAC,,,0.69577,31,17,1,7,REG,16:25,2023_07_LAC_KC
2023-10-22,2023,0,0,PHI,MIA,,,0.582993,31,17,1,7,REG,20:20,2023_07_MIA_PHI
2023-10-23,2023,0,0,MIN,SF,,,0.266458,22,17,1,7,REG,20:15,2023_07_SF_MIN
2023-10-26,2023,0,0,BUF,TB,,,0.795776,24,18,1,8,REG,20:15,2023_08_TB_BUF
2023-10-29,2023,0,0,CAR,HOU,,,0.40663,15,13,1,8,REG,13:00,2023_08_HOU_CAR
2023-10-29,2023,0,0,DAL,LAR,,,0.725753,43,20,1,8,REG,13:00,2023_08_LA_DAL
2023-10-29,2023,0,0,GB,MIN,,,0.49567,10,24,0,8,REG,13:00,2023_08_MIN_GB
2023-10-29,2023,0,0,IND,NO,,,0.457256,27,38,0,8,REG,13:00,2023_08_NO_IND
2023-10-29,2023,0,0,MIA,NE,,,0.76,31,17,1,8,REG,13:00,2023_08_NE_MIA
2023-10-29,2023,0,0,NYG,NYJ,,,0.40663,10,13,0,8,REG,13:00,2023_08_NYJ_NYG
2023-10-29,2023,0,0,PIT,JAX,,,0.448559,10,20,0,8,REG,13:00,2023_08_JAX_PIT
2023-10-29,2023,0,0,TEN,ATL,,,0.457256,28,23,1,8,REG,13:00,2023_08_ATL_TEN
2023-10-29,2023,0,0,WSH,PHI,,,0.277921,31,38,0,8,REG,13:00,2023_08_PHI_WAS
2023-10-29,2023,0,0,SEA,CLE,,,0.636904,24,20,1,8,REG,16:05,2023_08_CLE_SEA
2023-10-29,2023,0,0,ARI,BAL,,,0.2,24,31,0,8,REG,16:25,2023_08_BAL_ARI
2023-10-29,2023,0,0,DEN,KC,,,0.259128,24,9,1,8,REG,16:25,2023_08_KC_DEN
2023-10-29,2023,0,0,SF,CIN,,,0.644729,17,31,0,8,REG,16:25,2023_08_CIN_SF
2023-10-29,2023,0,0,LAC,CHI,,,0.781906,30,13,1,8,REG,20:20,2023_08_CHI_LAC
2023-10-30,2023,0,0,DET,OAK,,,0.740872,26,14,1,8,REG,20:15,2023_08_LV_DET
2023-11-02,2023,0,0,PIT,TEN,,,0.609236,20,16,1,9,REG,20:15,2023_09_TEN_PIT
2023-11-05,2023,1,0,KC,MIA,,,0.510834,21,14,1,9,REG,09:30,2023_09_MIA_KC
2023-11-05,2023,0,0,ATL,MIN,,,0.63094,28,31,0,9,REG,13:00,2023_09_MIN_ATL
2023-11-05,2023,0,0,BAL,SEA,,,0.700162,37,3,1,9,REG,13:00,2023_09_SEA_BAL
2023-11-05,2023,0,0,CLE,ARI,,,0.846501,27,0,1,9,REG,13:00,2023_09_ARI_CLE
2023-11-05,2023,0,0,GB,LAR,,,0.633366,20,3,1,9,REG,13:00,2023_09_LA_GB
2023-11-05,2023,0,0,HOU,TB,,,0.57206,39,37,1,9,REG,13:00,2023_09_TB_HOU
2023-11-05,2023,0,0,NE,WSH,,,0.582993,17,20,0,9,REG,13:00,2023_09_WAS_NE
2023-11-05,2023,0,0,NO,CHI,,,0.781906,24,17,1,9,REG,13:00,2023_09_CHI_NO
2023-11-05,2023,0,0,CAR,IND,,,0.457256,13,27,0,9,REG,16:05,2023_09_IND_CAR
2023-11-05,2023,0,0,OAK,NYG,,,0.517364,30,6,1,9,REG,16:25,2023_09_NYG_LV
2023-11-05,2023,0,0,PHI,DAL,,,0.609236,28,23,1,9,REG,16:25,2023_09_DAL_PHI
2023-11-05,2023,0,0,CIN,BUF,,,0.532468,24,18,1,9,REG,20:20,2023_09_BUF_CIN
2023-11-06,2023,0,0,NYJ,LAC,,,0.396243,6,27,0,9,REG,20:15,2023_09_LAC_NYJ
2023-11-09,2023,0,0,CHI,CAR,,,0.616438,16,13,1,10,REG,20:15,2023_10_CAR_CHI
2023-11-12,2023,1,0,NE,IND,,,0.482636,6,10,0,10,REG,09:30,2023_10_IND_NE
2023-11-12,2023,0,0,BAL,CLE,,,0.690793,31,33,0,10,REG,13:00,2023_10_CLE_BAL
2023-11-12,2023,0,0,CIN,HOU,,,0.685393,27,30,0,10,REG,13:00,2023_10_HOU_CIN
2023-11-12,2023,0,0,JAX,SF,,,0.396243,3,34,0,10,REG,13:00,2023_10_SF_JAX
2023-11-12,2023,0,0,MIN,NO,,,0.417007,27,19,1,10,REG,13:00,2023_10_NO_MIN
2023-11-12,2023,0,0,PIT,GB,,,0.599639,23,19,1,10,REG,13:00,2023_10_GB_PIT
2023-11-12,2023,0,0,TB,TEN,,,0.563492,20,6,1,10,REG,13:00,2023_10_TEN_TB
2023-11-12,2023,0,0,ARI,ATL,,,0.457256,25,23,1,10,REG,16:05,2023_10_ATL_ARI
2023-11-12,2023,0,0,LAC,DET,,,0.436508,38,41,0,10,REG,16:05,2023_10_DET_LAC
2023-11-12,2023,0,0,DAL,NYG,,,0.919708,49,17,1,10,REG,16:25,2023_10_NYG_DAL
2023-11-12,2023,0,0,SEA,WSH,,,0.700162,29,26,1,10,REG,16:25,2023_10_WAS_SEA
2023-11-12,2023,0,0,OAK,NYJ,,,0.489166,16,12,1,10,REG,20:20,2023_10_NYJ_LV
2023-11-13,2023,0,0,BUF,DEN,,,0.765902,22,24,0,10,REG,20:15,2023_10_DEN_BUF
2023-11-16,2023,0,0,BAL,CIN,,,0.644729,34,20,1,11,REG,20:15,2023_11_CIN_BAL
2023-11-19,2023,0,0,CAR,DAL,,,0.16835,10,33,0,11,REG,13:00,2023_11_DAL_CAR
2023-11-19,2023,0,0,CLE,PIT,,,0.563492,13,10,1,11,REG,13:00,2023_11_PIT_CLE
2023-11-19,2023,0,0,DET,CHI,,,0.781906,31,26,1,11,REG,13:00,2023_11_CHI_DET
2023-11-19,2023,0,0,GB,LAC,,,0.40663,23,20,1,11,REG,13:00,2023_11_LAC_GB
2023-11-19,2023,0,0,HOU,ARI,,,0.685393,21,16,1,11,REG,13:00,2023_11_ARI_HOU
2023-11-19,2023,0,0,JAX,TEN,,,0.713551,34,14,1,11,REG,13:00,2023_11_TEN_JAX
2023-11-19,2023,0,0,MIA,OAK,,,0.88,20,13,1,11,REG,13:00,2023_11_LV_MIA
2023-11-19,2023,0,0,WSH,NYG,,,0.765902,19,31,0,11,REG,13:00,2023_11_NYG_WAS
2023-11-19,2023,0,0,SF,TB,,,0.867717,27,14,1,11,REG,16:05,2023_11_TB_SF
2023-11-19,2023,0,0,BUF,NYJ,,,0.765902,32,6,1,11,REG,16:25,2023_11_NYJ_BUF
2023-11-19,2023,0,0,LAR,SEA,,,0.551441,17,16,1,11,REG,16:25,2023_11_SEA_LA
2023-11-19,2023,0,0,DEN,MIN,,,0.563492,21,20,1,11,REG,20:20,2023_11_MIN_DEN
2023-11-20,2023,0,0,KC,PHI,,,0.57206,17,21,0,11,REG,20:15,2023_11_PHI_KC
2023-11-23,2023,0,0,DET,GB,,,0.776833,22,29,0,12,REG,12:30,2023_12_GB_DET
2023-11-23,2023,0,0,DAL,WSH,,,0.852459,45,10,1,12,REG,16:30,2023_12_WAS_DAL
2023-11-23,2023,0,0,SEA,SF,,,0.252217,13,31,0,12,REG,20:20,2023_12_SF_SEA
2023-11-24,2023,0,0,NYJ,MIA,,,0.2,13,34,0,12,REG,15:00,2023_12_MIA_NYJ
2023-11-26,2023,0,0,ATL,NO,,,0.457256,24,15,1,12,REG,13:00,2023_12_NO_ATL
2023-11-26,2023,0,0,CIN,PIT,,,0.448559,10,16,0,12,REG,13:00,2023_12_PIT_CIN
2023-11-26,2023,0,0,HOU,JAX,,,0.489166,21,24,0,12,REG,13:00,2023_12_JAX_HOU
2023-11-26,2023,0,0,IND,TB,,,0.582993,27,20,1,12,REG,13:00,2023_12_TB_IND
2023-11-26,2023,0,0,NYG,NE,,,0.342525,10,7,1,12,REG,13:00,2023_12_NE_NYG
2023-11-26,2023,0,0,TEN,CAR,,,0.609236,17,10,1,12,REG,13:00,2023_12_CAR_TEN
2023-11-26,2023,0,0,ARI,LAR,,,0.42794,14,37,0,12,REG,16:05,2023_12_LA_ARI
2023-11-26,2023,0,0,DEN,CLE,,,0.532468,29,12,1,12,REG,16:05,2023_12_CLE_DEN
2023-11-26,2023,0,0,OAK,KC,,,0.2,17,31,0,12,REG,16:25,2023_12_KC_LV
2023-11-26,2023,0,0,PHI,BUF,,,0.57206,37,34,1,12,REG,16:25,2023_12_BUF_PHI
2023-11-26,2023,0,0,LAC,BAL,,,0.396243,10,20,0,12,REG,20:20,2023_12_BAL_LAC
2023-11-27,2023,0,0,MIN,CHI,,,0.599639,10,12,0,12,REG,20:15,2023_12_CHI_MIN
2023-11-30,2023,0,0,DAL,SEA,,,0.8,41,35,1,13,REG,20:15,2023_13_SEA_DAL
2023-12-03,2023,0,0,HOU,DEN,,,0.603757,22,17,1,13,REG,13:00,2023_13_DEN_HOU
2023-12-03,2023,0,0,NE,LAC,,,0.336352,0,6,0,13,REG,13:00,2023_13_LAC_NE
2023-12-03,2023,0,0,NO,DET,,,0.363096,28,33,0,13,REG,13:00,2023_13_DET_NO
2023-12-03,2023,0,0,NYJ,ATL,,,0.467532,8,13,0,13,REG,13:00,2023_13_ATL_NYJ
2023-12-03,2023,0,0,PIT,ARI,,,0.709544,10,24,0,13,REG,13:00,2023_13_ARI_PIT
2023-12-03,2023,0,0,TEN,IND,,,0.473913,28,31,0,13,REG,13:00,2023_13_IND_TEN
2023-12-03,2023,0,0,WSH,MIA,,,0.213256,15,45,0,13,REG,13:00,2023_13_MIA_WAS
2023-12-03,2023,0,0,TB,CAR,,,0.636904,21,18,1,13,REG,16:05,2023_13_CAR_TB
2023-12-03,2023,0,0,LAR,CLE,,,0.63094,36,19,1,13,REG,16:25,2023_13_CLE_LA
2023-12-03,2023,0,0,PHI,SF,,,0.42794,19,42,0,13,REG,16:25,2023_13_SF_PHI
2023-12-03,2023,0,0,GB,KC,,,0.30423,27,19,1,13,REG,20:20,2023_13_KC_GB
2023-12-04,2023,0,0,JAX,CIN,,,0.811867,31,34,0,13,REG,20:15,2023_13_CIN_JAX
2023-12-07,2023,0,0,PIT,NE,,,0.700162,18,21,0,14,REG,20:15,2023_14_NE_PIT
2023-12-10,2023,0,0,ATL,TB,,,0.532468,25,29,0,14,REG,13:00,2023_14_TB_ATL
2023-12-10,2023,0,0,BAL,LAR,,,0.750813,37,31,1,14,REG,13:00,2023_14_LA_BAL
2023-12-10,2023,0,0,CHI,DET,,,0.396243,28,13,1,14,REG,13:00,2023_14_DET_CHI
2023-12-10,2023,0,0,CIN,IND,,,0.57206,34,14,1,14,REG,13:00,2023_14_IND_CIN
2023-12-10,2023,0,0,CLE,JAX,,,0.563492,31,27,1,14,REG,13:00,2023_14_JAX_CLE
2023-12-10,2023,0,0,NO,CAR,,,0.680556,28,6,1,14,REG,13:00,2023_14_CAR_NO
2023-12-10,2023,0,0,NYJ,HOU,,,0.390764,30,6,1,14,REG,13:00,2023_14_HOU_NYJ
2023-12-10,2023,0,0,OAK,MIN,,,0.417007,0,3,0,14,REG,16:05,2023_14_MIN_LV
2023-12-10,2023,0,0,SF,SEA,,,0.872093,28,16,1,14,REG,16:05,2023_14_SEA_SF
2023-12-10,2023,0,0,KC,BUF,,,0.532468,17,20,0,14,REG,16:25,2023_14_BUF_KC
2023-12-10,2023,0,0,LAC,DEN,,,0.59337,7,24,0,14,REG,16:25,2023_14_DEN_LAC
2023-12-10,2023,0,0,DAL,PHI,,,0.609236,33,13,1,14,REG,20:20,2023_14_PHI_DAL
2023-12-11,2023,0,0,MIA,TEN,,,0.867717,27,28,0,14,REG,20:15,2023_14_TEN_MIA
2023-12-11,2023,0,0,NYG,GB,,,0.30423,24,22,1,14,REG,20:15,2023_14_GB_NYG
2023-12-14,2023,0,0,OAK,LAC,,,0.59337,63,21,1,15,REG,20:15,2023_15_LAC_LV
2023-12-16,2023,0,0,CIN,MIN,,,0.609236,27,24,1,15,REG,13:00,2023_15_MIN_CIN
2023-12-16,2023,0,0,IND,PIT,,,0.526087,30,13,1,15,REG,16:30,2023_15_PIT_IND
2023-12-16,2023,0,0,DET,DEN,,,0.690793,42,17,1,15,REG,20:15,2023_15_DEN_DET
2023-12-17,2023,0,0,CAR,ATL,,,0.417007,9,7,1,15,REG,13:00,2023_15_ATL_CAR
2023-12-17,2023,0,0,CLE,CHI,,,0.57206,20,17,1,15,REG,13:00,2023_15_CHI_CLE
2023-12-17,2023,0,0,GB,TB,,,0.657475,20,34,0,15,REG,13:00,2023_15_TB_GB
2023-12-17,2023,0,0,MIA,NYJ,,,0.744069,30,0,1,15,REG,13:00,2023_15_NYJ_MIA
2023-12-17,2023,0,0,NE,KC,,,0.204224,17,27,0,15,REG,13:00,2023_15_KC_NE
2023-12-17,2023,0,0,NO,NYG,,,0.685393,24,6,1,15,REG,13:00,2023_15_NYG_NO
2023-12-17,2023,0,0,TEN,HOU,,,0.603757,16,19,0,15,REG,13:00,2023_15_HOU_TEN
2023-12-17,2023,0,0,ARI,SF,,,0.153499,29,45,0,15,REG,16:05,2023_15_SF_ARI
2023-12-17,2023,0,0,LAR,WSH,,,0.717971,28,20,1,15,REG,16:05,2023_15_WAS_LA
2023-12-17,2023,0,0,BUF,DAL,,,0.551441,31,10,1,15,REG,16:25,2023_15_DAL_BUF
2023-12-17,2023,0,0,JAX,BAL,,,0.336352,7,23,0,15,REG,20:20,2023_15_BAL_JAX
2023-12-18,2023,0,0,SEA,PHI,,,0.324969,20,17,1,15,REG,20:15,2023_15_PHI_SEA
2023-12-21,2023,0,0,LAR,NO,,,0.657475,30,22,1,16,REG,20:15,2023_16_NO_LA
2023-12-23,2023,0,0,PIT,CIN,,,0.417007,34,11,1,16,REG,16:30,2023_16_CIN_PIT
2023-12-23,2023,0,0,LAC,BUF,,,0.147541,22,24,0,16,REG,20:00,2023_16_BUF_LAC
2023-12-24,2023,0,0,ATL,IND,,,0.582993,29,10,1,16,REG,13:00,2023_16_IND_ATL
2023-12-24,2023,0,0,CAR,GB,,,0.363096,30,33,0,16,REG,13:00,2023_16_GB_CAR
2023-12-24,2023,0,0,HOU,CLE,,,0.40663,22,36,0,16,REG,13:00,2023_16_CLE_HOU
2023-12-24,2023,0,0,MIN,DET,,,0.42794,24,30,0,16,REG,13:00,2023_16_DET_MIN
2023-12-24,2023,0,0,NYJ,WSH,,,0.599639,30,28,1,16,REG,13:00,2023_16_WAS_NYJ
2023-12-24,2023,0,0,TEN,SEA,,,0.400361,17,20,0,16,REG,13:00,2023_16_SEA_TEN
2023-12-24,2023,0,0,TB,JAX,,,0.467532,30,12,1,16,REG,16:05,2023_16_JAX_TB
2023-12-24,2023,0,0,CHI,ARI,,,0.657475,27,16,1,16,REG,16:25,2023_16_ARI_CHI
2023-12-24,2023,0,0,MIA,DAL,,,0.526087,22,20,1,16,REG,16:25,2023_16_DAL_MIA
2023-12-24,2023,0,0,DEN,NE,,,0.740872,23,26,0,16,REG,20:15,2023_16_NE_DEN
2023-12-25,2023,0,0,KC,OAK,,,0.822335,14,20,0,16,REG,13:00,2023_16_LV_KC
2023-12-25,2023,0,0,PHI,NYG,,,0.863014,33,25,1,16,REG,16:30,2023_16_NYG_PHI
2023-12-25,2023,0,0,SF,BAL,,,0.744069,19,33,0,16,REG,20:15,2023_16_BAL_SF
2023-12-28,2023,0,0,CLE,NYJ,,,0.741505,37,20,1,17,REG,20:15,2023_17_NYJ_CLE
2023-12-30,2023,0,0,DAL,DET,,,0.675031,20,19,1,17,REG,20:15,2023_17_DET_DAL
2023-12-31,2023,0,0,BAL,MIA,,,0.616438,56,19,1,17,REG,13:00,2023_17_MIA_BAL
2023-12-31,2023,0,0,BUF,NE,,,0.886957,27,21,1,17,REG,13:00,2023_17_NE_BUF
2023-12-31,2023,0,0,CHI,ATL,,,0.582993,37,17,1,17,REG,13:00,2023_17_ATL_CHI
2023-12-31,2023,0,0,HOU,TEN,,,0.669007,26,3,1,17,REG,13:00,2023_17_TEN_HOU
2023-12-31,2023,0,0,IND,OAK,,,0.616438,23,20,1,17,REG,13:00,2023_17_LV_IND
2023-12-31,2023,0,0,JAX,CAR,,,0.63094,26,0,1,17,REG,13:00,2023_17_CAR_JAX
2023-12-31,2023,0,0,NYG,LAR,,,0.282029,25,26,0,17,REG,13:00,2023_17_LA_NYG
2023-12-31,2023,0,0,PHI,ARI,,,0.846501,31,35,0,17,REG,13:00,2023_17_ARI_PHI
2023-12-31,2023,0,0,TB,NO,,,0.57206,13,23,0,17,REG,13:00,2023_17_NO_TB
2023-12-31,2023,0,0,WSH,SF,,,0.123822,10,27,0,17,REG,13:00,2023_17_SF_WAS
2023-12-31,2023,0,0,SEA,PIT,,,0.663648,23,30,0,17,REG,16:05,2023_17_PIT_SEA
2023-12-31,2023,0,0,DEN,LAC,,,0.636904,16,9,1,17,REG,16:25,2023_17_LAC_DEN
2023-12-31,2023,0,0,KC,CIN,,,0.744069,25,17,1,17,REG,16:25,2023_17_CIN_KC
2023-12-31,2023,0,0,MIN,GB,,,0.50433,10,33,0,17,REG,20:20,2023_17_GB_MIN
2024-01-06,2023,0,0,BAL,PIT,,,0.417007,10,17,0,18,REG,16:30,2023_18_PIT_BAL
2024-01-06,2023,0,0,IND,HOU,,,0.467532,19,23,0,18,REG,20:15,2023_18_HOU_IND
2024-01-07,2023,0,0,CAR,TB,,,0.319444,0,9,0,18,REG,13:00,2023_18_TB_CAR
2024-01-07,2023,0,0,CIN,CLE,,,0.750813,31,14,1,18,REG,13:00,2023_18_CLE_CIN
2024-01-07,2023,0,0,DET,MIN,,,0.644729,30,20,1,18,REG,13:00,2023_18_MIN_DET
2024-01-07,2023,0,0,NE,NYJ,,,0.563492,3,17,0,18,REG,13:00,2023_18_NYJ_NE
2024-01-07,2023,0,0,NO,ATL,,,0.609236,48,17,1,18,REG,13:00,2023_18_ATL_NO
2024-01-07,2023,0,0,TEN,JAX,,,0.377533,28,20,1,18,REG,13:00,2023_18_JAX_TEN
2024-01-07,2023,0,0,ARI,SEA,,,0.417007,20,21,0,18,REG,16:25,2023_18_SEA_ARI
2024-01-07,2023,0,0,GB,CHI,,,0.57206,17,9,1,18,REG,16:25,2023_18_CHI_GB
2024-01-07,2023,0,0,LAC,KC,,,0.622467,12,13,0,18,REG,16:25,2023_18_KC_LAC
2024-01-07,2023,0,0,OAK,DEN,,,0.609236,27,14,1,18,REG,16:25,2023_18_DEN_LV
2024-01-07,2023,0,0,NYG,PHI,,,0.32873,27,10,1,18,REG,16:25,2023_18_PHI_NYG
2024-01-07,2023,0,0,SF,LAR,,,0.680556,20,21,0,18,REG,16:25,2023_18_LA_SF
2024-01-07,2023,0,0,WSH,DAL,,,0.142056,10,38,0,18,REG,16:25,2023_18_DAL_WAS
2024-01-07,2023,0,0,MIA,BUF,,,0.417007,14,21,0,18,REG,20:20,2023_18_BUF_MIA
2024-01-13,2023,0,1,HOU,CLE,,,0.42794,45,14,1,19,WC,16:30,2023_19_CLE_HOU
2024-01-13,2023,0,1,KC,MIA,,,0.669007,26,7,1,19,WC,20:00,2023_19_MIA_KC
2024-01-14,2023,0,1,DAL,GB,,,0.744069,32,48,0,19,WC,16:30,2023_19_GB_DAL
2024-01-14,2023,0,1,DET,LAR,,,0.59337,24,23,1,19,WC,20:00,2023_19_LA_DET
2024-01-15,2023,0,1,BUF,PIT,,,0.795776,31,17,1,19,WC,16:30,2023_19_PIT_BUF
2024-01-15,2023,0,1,TB,PHI,,,0.40663,32,9,1,19,WC,20:00,2023_19_PHI_TB
2024-01-20,2023,0,1,BAL,HOU,,,0.776833,34,10,1,20,DIV,16:30,2023_20_HOU_BAL
2024-01-20,2023,0,1,SF,GB,,,0.791362,24,21,1,20,DIV,20:15,2023_20_GB_SF
2024-01-21,2023,0,1,DET,TB,,,0.705033,31,23,1,20,DIV,15:00,2023_20_TB_DET
2024-01-21,2023,0,1,BUF,KC,,,0.563492,24,27,0,20,DIV,18:30,2023_20_KC_BUF
2024-01-28,2023,0,1,BAL,KC,,,0.657475,10,17,0,21,CON,15:00,2023_21_KC_BAL
2024-01-28,2023,0,1,SF,DET,,,0.733542,34,31,1,21,CON,18:30,2023_21_DET_SF
2024-02-11,2023,1,1,KC,SF,,,0.478261,25,22,1,22,SB,18:30,2023_22_SF_KC
2024-09-05,2024,0,0,KC,BAL,,,0.57206,27,20,1,1,REG,20:20,2024_01_BAL_KC
2024-09-06,2024,1,0,PHI,GB,,,0.542744,34,29,1,1,REG,20:15,2024_01_GB_PHI
2024-09-08,2024,0,0,ATL,PIT,,,0.63094,10,18,0,1,REG,13:00,2024_01_PIT_ATL
2024-09-08,2024,0,0,BUF,ARI,,,0.725753,34,28,1,1,REG,13:00,2024_01_ARI_BUF
2024-09-08,2024,0,0,CHI,TEN,,,0.636904,24,17,1,1,REG,13:00,2024_01_TEN_CHI
2024-09-08,2024,0,0,CIN,NE,,,0.757188,10,16,0,1,REG,13:00,2024_01_NE_CIN
2024-09-08,2024,0,0,IND,HOU,,,0.417007,27,29,0,1,REG,13:00,2024_01_HOU_IND
2024-09-08,2024,0,0,MIA,JAX,,,0.616438,20,17,1,1,REG,13:00,2024_01_JAX_MIA
2024-09-08,2024,0,0,NO,CAR,,,0.63094,47,10,1,1,REG,13:00,2024_01_CAR_NO
2024-09-08,2024,0,0,NYG,MIN,,,0.489166,6,28,0,1,REG,13:00,2024_01_MIN_NYG
2024-09-08,2024,0,0,LAC,OAK,,,0.582993,22,10,1,1,REG,16:05,2024_01_LV_LAC
2024-09-08,2024,0,0,SEA,DEN,,,0.705033,26,20,1,1,REG,16:05,2024_01_DEN_SEA
2024-09-08,2024,0,0,CLE,DAL,,,0.542744,17,33,0,1,REG,16:25,2024_01_DAL_CLE
2024-09-08,2024,0,0,TB,WSH,,,0.636904,37,20,1,1,REG,16:25,2024_01_WAS_TB
2024-09-08,2024,0,0,DET,LAR,,,0.663648,26,20,1,1,REG,20:20,2024_01_LA_DET
2024-09-09,2024,0,0,SF,NYJ,,,0.616438,32,19,1,1,REG,20:15,2024_01_NYJ_SF
2024-09-12,2024,0,0,MIA,BUF,,,0.551441,10,31,0,2,REG,20:15,2024_02_BUF_MIA
2024-09-15,2024,0,0,BAL,OAK,,,0.786744,23,26,0,2,REG,13:00,2024_02_LV_BAL
2024-09-15,2024,0,0,CAR,LAC,,,0.336352,3,26,0,2,REG,13:00,2024_02_LAC_CAR
2024-09-15,2024,0,0,DAL,NO,,,0.713551,19,44,0,2,REG,13:00,2024_02_NO_DAL
2024-09-15,2024,0,0,DET,TB,,,0.757188,16,20,0,2,REG,13:00,2024_02_TB_DET
2024-09-15,2024,0,0,GB,IND,,,0.436508,16,10,1,2,REG,13:00,2024_02_IND_GB
2024-09-15,2024,0,0,JAX,CLE,,,0.603757,13,18,0,2,REG,13:00,2024_02_CLE_JAX
2024-09-15,2024,0,0,MIN,SF,,,0.342525,23,17,1,2,REG,13:00,2024_02_SF_MIN
2024-09-15,2024,0,0,NE,SEA,,,0.396243,20,23,0,2,REG,13:00,2024_02_SEA_NE
2024-09-15,2024,0,0,TEN,NYJ,,,0.383562,17,24,0,2,REG,13:00,2024_02_NYJ_TEN
2024-09-15,2024,0,0,WSH,NYG,,,0.532468,21,18,1,2,REG,13:00,2024_02_NYG_WAS
2024-09-15,2024,0,0,ARI,LAR,,,0.49567,41,10,1,2,REG,16:05,2024_02_LA_ARI
2024-09-15,2024,0,0,DEN,PIT,,,0.417007,6,13,0,2,REG,16:25,2024_02_PIT_DEN
2024-09-15,2024,0,0,KC,CIN,,,0.713551,26,25,1,2,REG,16:25,2024_02_CIN_KC
2024-09-15,2024,0,0,HOU,CHI,,,0.690793,19,13,1,2,REG,20:20,2024_02_CHI_HOU
2024-09-16,2024,0,0,PHI,ATL,,,0.69577,21,22,0,2,REG,20:15,2024_02_ATL_PHI
2024-09-19,2024,0,0,NYJ,NE,,,0.709544,24,3,1,3,REG,20:15,2024_03_NE_NYJ
2024-09-22,2024,0,0,CLE,NYG,,,0.700162,15,21,0,3,REG,13:00,2024_03_NYG_CLE
2024-09-22,2024,0,0,IND,CHI,,,0.532468,21,16,1,3,REG,13:00,2024_03_CHI_IND
2024-09-22,2024,0,0,MIN,HOU,,,0.448559,34,7,1,3,REG,13:00,2024_03_HOU_MIN
2024-09-22,2024,0,0,NO,PHI,,,0.563492,12,15,0,3,REG,13:00,2024_03_PHI_NO
2024-09-22,2024,0,0,PIT,LAC,,,0.57206,20,10,1,3,REG,13:00,2024_03_LAC_PIT
2024-09-22,2024,0,0,TB,DEN,,,0.680556,7,26,0,3,REG,13:00,2024_03_DEN_TB
2024-09-22,2024,0,0,TEN,GB,,,0.59337,14,30,0,3,REG,13:00,2024_03_GB_TEN
2024-09-22,2024,0,0,OAK,CAR,,,0.680556,22,36,0,3,REG,16:05,2024_03_CAR_LV
2024-09-22,2024,0,0,SEA,MIA,,,0.644729,24,3,1,3,REG,16:05,2024_03_MIA_SEA
2024-09-22,2024,0,0,ARI,DET,,,0.42794,13,20,0,3,REG,16:25,2024_03_DET_ARI
2024-09-22,2024,0,0,DAL,BAL,,,0.478261,25,28,0,3,REG,16:25,2024_03_BAL_DAL
2024-09-22,2024,0,0,LAR,SF,,,0.309207,27,24,1,3,REG,16:25,2024_03_SF_LA
2024-09-22,2024,0,0,ATL,KC,,,0.396243,17,22,0,3,REG,20:20,2024_03_KC_ATL
2024-09-23,2024,0,0,BUF,JAX,,,0.657475,47,10,1,3,REG,19:30,2024_03_JAX_BUF
2024-09-23,2024,0,0,CIN,WSH,,,0.747783,33,38,0,3,REG,20:15,2024_03_WAS_CIN
2024-09-26,2024,0,0,NYG,DAL,,,0.314607,15,20,0,4,REG,20:15,2024_04_DAL_NYG
2024-09-29,2024,0,0,ATL,NO,,,0.563492,26,24,1,4,REG,13:00,2024_04_NO_ATL
2024-09-29,2024,0,0,CAR,CIN,,,0.355271,24,34,0,4,REG,13:00,2024_04_CIN_CAR
2024-09-29,2024,0,0,CHI,LAR,,,0.59337,24,18,1,4,REG,13:00,2024_04_LA_CHI
2024-09-29,2024,0,0,GB,MIN,,,0.551441,29,31,0,4,REG,13:00,2024_04_MIN_GB
2024-09-29,2024,0,0,HOU,JAX,,,0.675031,24,20,1,4,REG,13:00,2024_04_JAX_HOU
2024-09-29,2024,0,0,IND,PIT,,,0.457256,27,24,1,4,REG,13:00,2024_04_PIT_IND
2024-09-29,2024,0,0,NYJ,DEN,,,0.776833,9,10,0,4,REG,13:00,2024_04_DEN_NYJ
2024-09-29,2024,0,0,TB,PHI,,,0.489166,33,16,1,4,REG,13:00,2024_04_PHI_TB
2024-09-29,2024,0,0,ARI,WSH,,,0.616438,14,42,0,4,REG,16:05,2024_04_WAS_ARI
2024-09-29,2024,0,0,SF,NE,,,0.811867,30,13,1,4,REG,16:05,2024_04_NE_SF
2024-09-29,2024,0,0,LAC,KC,,,0.255931,10,17,0,4,REG,16:25,2024_04_KC_LAC
2024-09-29,2024,0,0,OAK,CLE,,,0.448559,20,16,1,4,REG,16:25,2024_04_CLE_LV
2024-09-29,2024,0,0,BAL,BUF,,,0.551441,35,10,1,4,REG,20:20,2024_04_BUF_BAL
2024-09-30,2024,0,0,MIA,TEN,,,0.551441,12,31,0,4,REG,19:30,2024_04_TEN_MIA
2024-09-30,2024,0,0,DET,SEA,,,0.622467,42,29,1,4,REG,20:15,2024_04_SEA_DET
2024-10-03,2024,0,0,ATL,TB,,,0.563492,36,30,1,5,REG,20:15,2024_05_TB_ATL
2024-10-06,2024,1,0,MIN,NYJ,,,0.563492,23,17,1,5,REG,09:30,2024_05_NYJ_MIN
2024-10-06,2024,0,0,CHI,CAR,,,0.636904,36,10,1,5,REG,13:00,2024_05_CAR_CHI
2024-10-06,2024,0,0,CIN,BAL,,,0.42794,38,41,0,5,REG,13:00,2024_05_BAL_CIN
2024-10-06,2024,0,0,HOU,BUF,,,0.517364,23,20,1,5,REG,13:00,2024_05_BUF_HOU
2024-10-06,2024,0,0,JAX,IND,,,0.622467,37,34,1,5,REG,13:00,2024_05_IND_JAX
2024-10-06,2024,0,0,NE,MIA,,,0.457256,10,15,0,5,REG,13:00,2024_05_MIA_NE
2024-10-06,2024,0,0,WSH,CLE,,,0.582993,34,13,1,5,REG,13:00,2024_05_CLE_WAS
2024-10-06,2024,0,0,DEN,OAK,,,0.582993,34,18,1,5,REG,16:05,2024_05_LV_DEN
2024-10-06,2024,0,0,SF,ARI,,,0.733542,23,24,0,5,REG,16:05,2024_05_ARI_SF
2024-10-06,2024,0,0,LAR,GB,,,0.417007,19,24,0,5,REG,16:25,2024_05_GB_LA
2024-10-06,2024,0,0,SEA,NYG,,,0.725753,20,29,0,5,REG,16:25,2024_05_NYG_SEA
2024-10-06,2024,0,0,PIT,DAL,,,0.551441,17,20,0,5,REG,20:20,2024_05_DAL_PIT
2024-10-07,2024,0,0,KC,NO,,,0.669007,26,13,1,5,REG,20:15,2024_05_NO_KC
2024-10-10,2024,0,0,SEA,SF,,,0.363096,24,36,0,6,REG,20:15,2024_06_SF_SEA
2024-10-13,2024,1,0,CHI,JAX,,,0.478261,35,16,1,6,REG,09:30,2024_06_JAX_CHI
2024-10-13,2024,0,0,BAL,WSH,,,0.709544,30,23,1,6,REG,13:00,2024_06_WAS_BAL
2024-10-13,2024,0,0,GB,ARI,,,0.675031,34,13,1,6,REG,13:00,2024_06_ARI_GB
2024-10-13,2024,0,0,NE,HOU,,,0.30423,21,41,0,6,REG,13:00,2024_06_HOU_NE
2024-10-13,2024,0,0,NO,TB,,,0.390764,27,51,0,6,REG,13:00,2024_06_TB_NO
2024-10-13,2024,0,0,PHI,CLE,,,0.776833,20,16,1,6,REG,13:00,2024_06_CLE_PHI
2024-10-13,2024,0,0,TEN,IND,,,0.551441,17,20,0,6,REG,13:00,2024_06_IND_TEN
2024-10-13,2024,0,0,DEN,LAC,,,0.417007,16,23,0,6,REG,16:05,2024_06_LAC_DEN
2024-10-13,2024,0,0,OAK,PIT,,,0.383562,13,32,0,6,REG,16:05,2024_06_PIT_LV
2024-10-13,2024,0,0,CAR,ATL,,,0.309207,20,38,0,6,REG,16:25,2024_06_ATL_CAR
2024-10-13,2024,0,0,DAL,DET,,,0.383562,9,47,0,6,REG,16:25,2024_06_DET_DAL
2024-10-13,2024,0,0,NYG,CIN,,,0.330993,7,17,0,6,REG,20:20,2024_06_CIN_NYG
2024-10-14,2024,0,0,NYJ,BUF,,,0.473913,20,23,0,6,REG,20:15,2024_06_BUF_NYJ
2024-10-17,2024,0,0,NO,DEN,,,0.42794,10,33,0,7,REG,20:15,2024_07_DEN_NO
2024-10-20,2024,1,0,JAX,NE,,,0.717971,32,16,1,7,REG,09:30,2024_07_NE_JAX
2024-10-20,2024,0,0,ATL,SEA,,,0.59337,14,34,0,7,REG,13:00,2024_07_SEA_ATL
2024-10-20,2024,0,0,BUF,TEN,,,0.808157,34,10,1,7,REG,13:00,2024_07_TEN_BUF
2024-10-20,2024,0,0,CLE,CIN,,,0.330993,14,21,0,7,REG,13:00,2024_07_CIN_CLE
2024-10-20,2024,0,0,GB,HOU,,,0.603757,24,22,1,7,REG,13:00,2024_07_HOU_GB
2024-10-20,2024,0,0,IND,MIA,,,0.582993,16,10,1,7,REG,13:00,2024_07_MIA_IND
2024-10-20,2024,0,0,MIN,DET,,,0.517364,29,31,0,7,REG,13:00,2024_07_DET_MIN
2024-10-20,2024,0,0,NYG,PHI,,,0.400361,3,28,0,7,REG,13:00,2024_07_PHI_NYG
2024-10-20,2024,0,0,LAR,OAK,,,0.747783,20,15,1,7,REG,16:05,2024_07_LV_LA
2024-10-20,2024,0,0,WSH,CAR,,,0.808157,40,7,1,7,REG,16:05,2024_07_CAR_WAS
2024-10-20,2024,0,0,SF,KC,,,0.563492,18,28,0,7,REG,16:25,2024_07_KC_SF
2024-10-20,2024,0,0,PIT,NYJ,,,0.400361,37,15,1,7,REG,20:20,2024_07_NYJ_PIT
2024-10-21,2024,0,0,TB,BAL,,,0.336352,31,41,0,7,REG,20:15,2024_07_BAL_TB
2024-10-21,2024,0,0,ARI,LAC,,,0.473913,17,15,1,7,REG,21:00,2024_07_LAC_ARI
2024-10-24,2024,0,0,LAR,MIN,,,0.417007,30,20,1,8,REG,20:15,2024_08_MIN_LA
2024-10-27,2024,0,0,CIN,PHI,,,0.57206,17,37,0,8,REG,13:00,2024_08_PHI_CIN
2024-10-27,2024,0,0,CLE,BAL,,,0.24,29,24,1,8,REG,13:00,2024_08_BAL_CLE
2024-10-27,2024,0,0,DET,TEN,,,0.852459,52,14,1,8,REG,13:00,2024_08_TEN_DET
2024-10-27,2024,0,0,HOU,IND,,,0.663648,23,20,1,8,REG,13:00,2024_08_IND_HOU
2024-10-27,2024,0,0,JAX,GB,,,0.36906,27,30,0,8,REG,13:00,2024_08_GB_JAX
2024-10-27,2024,0,0,MIA,ARI,,,0.636904,27,28,0,8,REG,13:00,2024_08_ARI_MIA
2024-10-27,2024,0,0,NE,NYJ,,,0.277921,25,22,1,8,REG,13:00,2024_08_NYJ_NE
2024-10-27,2024,0,0,TB,ATL,,,0.473913,26,31,0,8,REG,13:00,2024_08_ATL_TB
2024-10-27,2024,0,0,LAC,NO,,,0.725753,26,8,1,8,REG,16:05,2024_08_NO_LAC
2024-10-27,2024,0,0,SEA,BUF,,,0.396243,10,31,0,8,REG,16:05,2024_08_BUF_SEA
2024-10-27,2024,0,0,DEN,CAR,,,0.846501,28,14,1,8,REG,16:25,2024_08_CAR_DEN
2024-10-27,2024,0,0,OAK,KC,,,0.218094,20,27,0,8,REG,16:25,2024_08_KC_LV
2024-10-27,2024,0,0,WSH,CHI,,,0.526087,18,15,1,8,REG,16:25,2024_08_CHI_WAS
2024-10-27,2024,0,0,SF,DAL,,,0.675031,30,24,1,8,REG,20:20,2024_08_DAL_SF
2024-10-28,2024,0,0,PIT,NYG,,,0.700162,26,18,1,8,REG,20:15,2024_08_NYG_PIT
2024-10-31,2024,0,0,NYJ,HOU,,,0.57206,21,13,1,9,REG,20:15,2024_09_HOU_NYJ
2024-11-03,2024,0,0,ATL,DAL,,,0.599639,27,21,1,9,REG,13:00,2024_09_DAL_ATL
2024-11-03,2024,0,0,BAL,DEN,,,0.777961,41,10,1,9,REG,13:00,2024_09_DEN_BAL
2024-11-03,2024,0,0,BUF,MIA,,,0.709544,30,27,1,9,REG,13:00,2024_09_MIA_BUF
2024-11-03,2024,0,0,CAR,NO,,,0.255931,23,22,1,9,REG,13:00,2024_09_NO_CAR
2024-11-03,2024,0,0,CIN,OAK,,,0.771505,41,24,1,9,REG,13:00,2024_09_LV_CIN
2024-11-03,2024,0,0,CLE,LAC,,,0.457256,10,27,0,9,REG,13:00,2024_09_LAC_CLE
2024-11-03,2024,0,0,NYG,WSH,,,0.342525,22,27,0,9,REG,13:00,2024_09_WAS_NYG
2024-11-03,2024,0,0,TEN,NE,,,0.59337,20,17,1,9,REG,13:00,2024_09_NE_TEN
2024-11-03,2024,0,0,ARI,CHI,,,0.521739,29,9,1,9,REG,16:05,2024_09_CHI_ARI
2024-11-03,2024,0,0,PHI,JAX,,,0.740872,28,23,1,9,REG,16:05,2024_09_JAX_PHI
2024-11-03,2024,0,0,GB,DET,,,0.417007,14,24,0,9,REG,16:25,2024_09_DET_GB
2024-11-03,2024,0,0,SEA,LAR,,,0.467532,20,26,0,9,REG,16:25,2024_09_LA_SEA
2024-11-03,2024,0,0,MIN,IND,,,0.717971,21,13,1,9,REG,20:20,2024_09_IND_MIN
2024-11-04,2024,0,0,KC,TB,,,0.776833,30,24,1,9,REG,20:15,2024_09_TB_KC
2024-11-07,2024,0,0,BAL,CIN,,,0.700162,35,34,1,10,REG,20:15,2024_10_CIN_BAL
2024-11-10,2024,1,0,CAR,NYG,,,0.282029,20,17,1,10,REG,09:30,2024_10_NYG_CAR
2024-11-10,2024,0,0,CHI,NE,,,0.733542,3,19,0,10,REG,13:00,2024_10_NE_CHI
2024-11-10,2024,0,0,IND,BUF,,,0.330993,20,30,0,10,REG,13:00,2024_10_BUF_IND
2024-11-10,2024,0,0,JAX,MIN,,,0.253417,7,12,0,10,REG,13:00,2024_10_MIN_JAX
2024-11-10,2024,0,0,KC,DEN,,,0.76,16,14,1,10,REG,13:00,2024_10_DEN_KC
2024-11-10,2024,0,0,NO,ATL,,,0.36906,20,17,1,10,REG,13:00,2024_10_ATL_NO
2024-11-10,2024,0,0,TB,SF,,,0.282029,20,23,0,10,REG,13:00,2024_10_SF_TB
2024-11-10,2024,0,0,WSH,PIT,,,0.526087,27,28,0,10,REG,13:00,2024_10_PIT_WAS
2024-11-10,2024,0,0,LAC,TEN,,,0.76,27,17,1,10,REG,16:05,2024_10_TEN_LAC
2024-11-10,2024,0,0,ARI,NYJ,,,0.457256,31,6,1,10,REG,16:25,2024_10_NYJ_ARI
2024-11-10,2024,0,0,DAL,PHI,,,0.249187,6,34,0,10,REG,16:25,2024_10_PHI_DAL
2024-11-10,2024,0,0,HOU,DET,,,0.330993,23,26,0,10,REG,20:20,2024_10_DET_HOU
2024-11-11,2024,0,0,LAR,MIA,,,0.563492,15,23,0,10,REG,20:15,2024_10_MIA_LA
2024-11-14,2024,0,0,PHI,WSH,,,0.669007,26,18,1,11,REG,20:15,2024_11_WAS_PHI
2024-11-17,2024,0,0,CHI,GB,,,0.30423,19,20,0,11,REG,13:00,2024_11_GB_CHI
2024-11-17,2024,0,0,DET,JAX,,,0.872093,52,6,1,11,REG,13:00,2024_11_JAX_DET
2024-11-17,2024,0,0,MIA,OAK,,,0.776833,34,19,1,11,REG,13:00,2024_11_LV_MIA
2024-11-17,2024,0,0,NE,LAR,,,0.363096,22,28,0,11,REG,13:00,2024_11_LA_NE
2024-11-17,2024,0,0,NO,CLE,,,0.489166,35,14,1,11,REG,13:00,2024_11_CLE_NO
2024-11-17,2024,0,0,NYJ,IND,,,0.644729,27,28,0,11,REG,13:00,2024_11_IND_NYJ
2024-11-17,2024,0,0,PIT,BAL,,,0.390764,18,16,1,11,REG,13:00,2024_11_BAL_PIT
2024-11-17,2024,0,0,TEN,MIN,,,0.286449,13,23,0,11,REG,13:00,2024_11_MIN_TEN
2024-11-17,2024,0,0,DEN,ATL,,,0.551441,38,6,1,11,REG,16:05,2024_11_ATL_DEN
2024-11-17,2024,0,0,SF,SEA,,,0.69577,17,20,0,11,REG,16:05,2024_11_SEA_SF
2024-11-17,2024,0,0,BUF,KC,,,0.563492,30,21,1,11,REG,16:25,2024_11_KC_BUF
2024-11-17,2024,0,0,LAC,CIN,,,0.5,34,27,1,11,REG,20:20,2024_11_CIN_LAC
2024-11-18,2024,0,0,DAL,HOU,,,0.249187,10,34,0,11,REG,20:15,2024_11_HOU_DAL
2024-11-21,2024,0,0,CLE,PIT,,,0.355271,24,19,1,12,REG,20:15,2024_12_PIT_CLE
2024-11-24,2024,0,0,CAR,KC,,,0.16,27,30,0,12,REG,13:00,2024_12_KC_CAR
2024-11-24,2024,0,0,CHI,MIN,,,0.390764,27,30,0,12,REG,13:00,2024_12_MIN_CHI
2024-11-24,2024,0,0,HOU,TEN,,,0.757188,27,32,0,12,REG,13:00,2024_12_TEN_HOU
2024-11-24,2024,0,0,IND,DET,,,0.242812,6,24,0,12,REG,13:00,2024_12_DET_IND
2024-11-24,2024,0,0,MIA,NE,,,0.750813,34,15,1,12,REG,13:00,2024_12_NE_MIA
2024-11-24,2024,0,0,NYG,TB,,,0.282029,7,30,0,12,REG,13:00,2024_12_TB_NYG
2024-11-24,2024,0,0,WSH,DAL,,,0.827124,26,34,0,12,REG,13:00,2024_12_DAL_WAS
2024-11-24,2024,0,0,OAK,DEN,,,0.294967,19,29,0,12,REG,16:05,2024_12_DEN_LV
2024-11-24,2024,0,0,GB,SF,,,0.713551,38,10,1,12,REG,16:25,2024_12_SF_GB
2024-11-24,2024,0,0,SEA,ARI,,,0.489166,16,6,1,12,REG,16:25,2024_12_ARI_SEA
2024-11-24,2024,0,0,LAR,PHI,,,0.396243,20,37,0,12,REG,20:20,2024_12_PHI_LA
2024-11-25,2024,0,0,LAC,BAL,,,0.400361,23,30,0,12,REG,20:15,2024_12_BAL_LAC
2024-11-28,2024,0,0,DET,CHI,,,0.804293,23,20,1,13,REG,12:30,2024_13_CHI_DET
2024-11-28,2024,0,0,DAL,NYG,,,0.66145,27,20,1,13,REG,16:30,2024_13_NYG_DAL
2024-11-28,2024,0,0,GB,MIA,,,0.609236,30,17,1,13,REG,20:20,2024_13_MIA_GB
2024-11-29,2024,0,0,KC,OAK,,,0.852459,19,17,1,13,REG,15:00,2024_13_LV_KC
2024-12-01,2024,0,0,ATL,LAC,,,0.482636,13,17,0,13,REG,13:00,2024_13_LAC_ATL
2024-12-01,2024,0,0,CIN,PIT,,,0.582993,38,44,0,13,REG,13:00,2024_13_PIT_CIN
2024-12-01,2024,0,0,JAX,HOU,,,0.36906,20,23,0,13,REG,13:00,2024_13_HOU_JAX
2024-12-01,2024,0,0,MIN,ARI,,,0.622467,23,22,1,13,REG,13:00,2024_13_ARI_MIN
2024-12-01,2024,0,0,NE,IND,,,0.448559,24,25,0,13,REG,13:00,2024_13_IND_NE
2024-12-01,2024,0,0,NYJ,SEA,,,0.510834,21,26,0,13,REG,13:00,2024_13_SEA_NYJ
2024-12-01,2024,0,0,WSH,TEN,,,0.685393,42,19,1,13,REG,13:00,2024_13_TEN_WAS
2024-12-01,2024,0,0,CAR,TB,,,0.286449,23,26,0,13,REG,16:05,2024_13_TB_CAR
2024-12-01,2024,0,0,NO,LAR,,,0.436508,14,21,0,13,REG,16:05,2024_13_LA_NO
2024-12-01,2024,0,0,BAL,PHI,,,0.59337,19,24,0,13,REG,16:25,2024_13_PHI_BAL
2024-12-01,2024,0,0,BUF,SF,,,0.740872,35,10,1,13,REG,20:20,2024_13_SF_BUF
2024-12-02,2024,0,0,DEN,CLE,,,0.713551,41,32,1,13,REG,20:15,2024_13_CLE_DEN
2024-12-05,2024,0,0,DET,GB,,,0.603757,34,31,1,14,REG,20:15,2024_14_GB_DET
2024-12-08,2024,0,0,MIA,NYJ,,,0.717971,32,26,1,14,REG,13:00,2024_14_NYJ_MIA
2024-12-08,2024,0,0,MIN,ATL,,,0.685393,42,21,1,14,REG,13:00,2024_14_ATL_MIN
2024-12-08,2024,0,0,NYG,NO,,,0.319444,11,14,0,14,REG,13:00,2024_14_NO_NYG
2024-12-08,2024,0,0,PHI,CAR,,,0.867717,22,16,1,14,REG,13:00,2024_14_CAR_PHI
2024-12-08,2024,0,0,PIT,CLE,,,0.690793,27,14,1,14,REG,13:00,2024_14_CLE_PIT
2024-12-08,2024,0,0,TB,OAK,,,0.733542,28,13,1,14,REG,13:00,2024_14_LV_TB
2024-12-08,2024,0,0,TEN,JAX,,,0.603757,6,10,0,14,REG,13:00,2024_14_JAX_TEN
2024-12-08,2024,0,0,ARI,SEA,,,0.609236,18,30,0,14,REG,16:05,2024_14_SEA_ARI
2024-12-08,2024,0,0,LAR,BUF,,,0.36906,44,42,1,14,REG,16:25,2024_14_BUF_LA
2024-12-08,2024,0,0,SF,CHI,,,0.59337,38,13,1,14,REG,16:25,2024_14_CHI_SF
2024-12-08,2024,0,0,KC,LAC,,,0.675031,19,17,1,14,REG,20:20,2024_14_LAC_KC
2024-12-09,2024,0,0,DAL,CIN,,,0.330993,20,27,0,14,REG,20:15,2024_14_CIN_DAL
2024-12-12,2024,0,0,SF,LAR,,,0.582993,6,12,0,15,REG,20:15,2024_15_LA_SF
2024-12-15,2024,0,0,CAR,DAL,,,0.563492,14,30,0,15,REG,13:00,2024_15_DAL_CAR
2024-12-15,2024,0,0,CLE,KC,,,0.330993,7,21,0,15,REG,13:00,2024_15_KC_CLE
2024-12-15,2024,0,0,HOU,MIA,,,0.582993,20,12,1,15,REG,13:00,2024_15_MIA_HOU
2024-12-15,2024,0,0,JAX,NYJ,,,0.390764,25,32,0,15,REG,13:00,2024_15_NYJ_JAX
2024-12-15,2024,0,0,NO,WSH,,,0.242812,19,20,0,15,REG,13:00,2024_15_WAS_NO
2024-12-15,2024,0,0,NYG,BAL,,,0.087558,14,35,0,15,REG,13:00,2024_15_BAL_NYG
2024-12-15,2024,0,0,TEN,CIN,,,0.314607,27,37,0,15,REG,13:00,2024_15_CIN_TEN
2024-12-15,2024,0,0,ARI,NE,,,0.690793,30,17,1,15,REG,16:25,2024_15_NE_ARI
2024-12-15,2024,0,0,DEN,IND,,,0.675031,31,13,1,15,REG,16:25,2024_15_IND_DEN
2024-12-15,2024,0,0,DET,BUF,,,0.542744,42,48,0,15,REG,16:25,2024_15_BUF_DET
2024-12-15,2024,0,0,LAC,TB,,,0.59337,17,40,0,15,REG,16:25,2024_15_TB_LAC
2024-12-15,2024,0,0,PHI,PIT,,,0.69577,27,13,1,15,REG,16:25,2024_15_PIT_PHI
2024-12-15,2024,0,0,SEA,GB,,,0.40663,13,30,0,15,REG,20:20,2024_15_GB_SEA
2024-12-16,2024,0,0,MIN,CHI,,,0.733542,30,12,1,15,REG,20:00,2024_15_CHI_MIN
2024-12-16,2024,0,0,OAK,ATL,,,0.255931,9,15,0,15,REG,20:30,2024_15_ATL_LV
2024-12-19,2024,0,0,LAC,DEN,,,0.57206,34,27,1,16,REG,20:15,2024_16_DEN_LAC
2024-12-21,2024,0,0,KC,HOU,,,0.616438,27,19,1,16,REG,13:00,2024_16_HOU_KC
2024-12-21,2024,0,0,BAL,PIT,,,0.744069,34,17,1,16,REG,16:30,2024_16_PIT_BAL
2024-12-22,2024,0,0,ATL,NYG,,,0.811867,34,7,1,16,REG,13:00,2024_16_NYG_ATL
2024-12-22,2024,0,0,CAR,ARI,,,0.319444,36,30,1,16,REG,13:00,2024_16_ARI_CAR
2024-12-22,2024,0,0,CHI,DET,,,0.259128,17,34,0,16,REG,13:00,2024_16_DET_CHI
2024-12-22,2024,0,0,CIN,CLE,,,0.817259,24,6,1,16,REG,13:00,2024_16_CLE_CIN
2024-12-22,2024,0,0,IND,TEN,,,0.636904,38,30,1,16,REG,13:00,2024_16_TEN_IND
2024-12-22,2024,0,0,NYJ,LAR,,,0.40663,9,19,0,16,REG,13:00,2024_16_LA_NYJ
2024-12-22,2024,0,0,WSH,PHI,,,0.342525,36,33,1,16,REG,13:00,2024_16_PHI_WAS
2024-12-22,2024,0,0,SEA,MIN,,,0.42794,24,27,0,16,REG,16:05,2024_16_MIN_SEA
2024-12-22,2024,0,0,BUF,NE,,,0.88,24,21,1,16,REG,16:25,2024_16_NE_BUF
2024-12-22,2024,0,0,OAK,JAX,,,0.542744,19,14,1,16,REG,16:25,2024_16_JAX_LV
2024-12-22,2024,0,0,MIA,SF,,,0.467532,29,17,1,16,REG,16:25,2024_16_SF_MIA
2024-12-22,2024,0,0,DAL,TB,,,0.342525,26,24,1,16,REG,20:20,2024_16_TB_DAL
2024-12-23,2024,0,0,GB,NO,,,0.867717,34,0,1,16,REG,20:15,2024_16_NO_GB
2024-12-25,2024,0,0,PIT,KC,,,0.40663,10,29,0,17,REG,13:00,2024_17_KC_PIT
2024-12-25,2024,0,0,HOU,BAL,,,0.319444,2,31,0,17,REG,16:30,2024_17_BAL_HOU
2024-12-26,2024,0,0,CHI,SEA,,,0.36906,3,6,0,17,REG,20:15,2024_17_SEA_CHI
2024-12-28,2024,0,0,NE,LAC,,,0.277921,7,40,0,17,REG,13:00,2024_17_LAC_NE
2024-12-28,2024,0,0,CIN,DEN,,,0.609236,30,24,1,17,REG,16:30,2024_17_DEN_CIN
2024-12-28,2024,0,0,LAR,ARI,,,0.740872,13,9,1,17,REG,20:15,2024_17_ARI_LA
2024-12-29,2024,0,0,BUF,NYJ,,,0.804293,40,14,1,17,REG,13:00,2024_17_NYJ_BUF
2024-12-29,2024,0,0,JAX,TEN,,,0.50433,20,13,1,17,REG,13:00,2024_17_TEN_JAX
2024-12-29,2024,0,0,NO,OAK,,,0.467532,10,25,0,17,REG,13:00,2024_17_LV_NO
2024-12-29,2024,0,0,NYG,IND,,,0.228495,45,33,1,17,REG,13:00,2024_17_IND_NYG
2024-12-29,2024,0,0,PHI,DAL,,,0.733542,41,7,1,17,REG,13:00,2024_17_DAL_PHI
2024-12-29,2024,0,0,TB,CAR,,,0.8,48,14,1,17,REG,13:00,2024_17_CAR_TB
2024-12-29,2024,0,0,CLE,MIA,,,0.396243,3,20,0,17,REG,16:05,2024_17_MIA_CLE
2024-12-29,2024,0,0,MIN,GB,,,0.49567,27,25,1,17,REG,16:25,2024_17_GB_MIN
2024-12-29,2024,0,0,WSH,ATL,,,0.63094,30,24,1,17,REG,20:20,2024_17_ATL_WAS
2024-12-30,2024,0,0,SF,DET,,,0.330993,34,40,0,17,REG,20:15,2024_17_DET_SF
2025-01-04,2024,0,0,BAL,CLE,,,0.925816,35,10,1,18,REG,16:30,2024_18_CLE_BAL
2025-01-04,2024,0,0,PIT,CIN,,,0.42794,17,19,0,18,REG,20:00,2024_18_CIN_PIT
2025-01-05,2024,0,0,ATL,CAR,,,0.76,38,44,0,18,REG,13:00,2024_18_CAR_ATL
2025-01-05,2024,0,0,DAL,WSH,,,0.274247,19,23,0,18,REG,13:00,2024_18_WAS_DAL
2025-01-05,2024,0,0,GB,CHI,,,0.771505,22,24,0,18,REG,13:00,2024_18_CHI_GB
2025-01-05,2024,0,0,IND,JAX,,,0.616438,26,23,1,18,REG,13:00,2024_18_JAX_IND
2025-01-05,2024,0,0,NE,BUF,,,0.400361,23,16,1,18,REG,13:00,2024_18_BUF_NE
2025-01-05,2024,0,0,PHI,NYG,,,0.582993,20,13,1,18,REG,13:00,2024_18_NYG_PHI
2025-01-05,2024,0,0,TB,NO,,,0.876178,27,19,1,18,REG,13:00,2024_18_NO_TB
2025-01-05,2024,0,0,TEN,HOU,,,0.563492,14,23,0,18,REG,13:00,2024_18_HOU_TEN
2025-01-05,2024,0,0,ARI,SF,,,0.63094,47,24,1,18,REG,16:25,2024_18_SF_ARI
2025-01-05,2024,0,0,DEN,KC,,,0.795776,38,0,1,18,REG,16:25,2024_18_KC_DEN
2025-01-05,2024,0,0,LAR,SEA,,,0.249187,25,30,0,18,REG,16:25,2024_18_SEA_LA
2025-01-05,2024,0,0,OAK,LAC,,,0.255931,20,34,0,18,REG,16:25,2024_18_LAC_LV
2025-01-05,2024,0,0,NYJ,MIA,,,0.526087,32,20,1,18,REG,16:25,2024_18_MIA_NYJ
2025-01-05,2024,0,0,DET,MIN,,,0.57206,31,9,1,18,REG,20:20,2024_18_MIN_DET
2025-01-11,2024,0,1,HOU,LAC,,,0.40663,32,12,1,19,WC,16:30,2024_19_LAC_HOU
2025-01-11,2024,0,1,BAL,PIT,,,0.804293,28,14,1,19,WC,20:00,2024_19_PIT_BAL
2025-01-12,2024,0,1,BUF,DEN,,,0.776833,31,7,1,19,WC,13:00,2024_19_DEN_BUF
2025-01-12,2024,0,1,PHI,GB,,,0.685393,22,10,1,19,WC,16:30,2024_19_GB_PHI
2025-01-12,2024,0,1,TB,WSH,,,0.59337,20,23,0,19,WC,20:00,2024_19_WAS_TB
2025-01-13,2024,1,1,LAR,MIN,,,0.436508,27,9,1,19,WC,20:00,2024_19_MIN_LA
2025-01-18,2024,0,1,KC,HOU,,,0.811867,23,14,1,20,DIV,16:30,2024_20_HOU_KC
2025-01-18,2024,0,1,DET,WSH,,,0.804293,31,45,0,20,DIV,20:00,2024_20_WAS_DET
2025-01-19,2024,0,1,PHI,LAR,,,0.733542,28,22,1,20,DIV,15:00,2024_20_LA_PHI
2025-01-19,2024,0,1,BUF,BAL,,,0.482636,27,25,1,20,DIV,18:30,2024_20_BAL_BUF
2025-01-26,2024,0,1,PHI,WSH,,,0.685393,55,23,1,21,CON,15:00,2024_21_WAS_PHI
2025-01-26,2024,0,1,KC,BUF,,,0.517364,32,29,1,21,CON,18:30,2024_21_BUF_KC
2025-02-09,2024,1,1,PHI,KC,,,0.478261,40,22,1,22,SB,18:30,2024_22_KC_PHI
2025-09-04,2025,0,0,PHI,DAL,,,0.776833,24,20,1,1,REG,20:20,2025_01_DAL_PHI
2025-09-05,2025,1,0,LAC,KC,,,0.390764,27,21,1,1,REG,20:00,2025_01_KC_LAC
2025-09-07,2025,0,0,ATL,TB,,,0.489166,20,23,0,1,REG,13:00,2025_01_TB_ATL
2025-09-07,2025,0,0,CLE,CIN,,,0.324969,16,17,0,1,REG,13:00,2025_01_CIN_CLE
2025-09-07,2025,0,0,IND,MIA,,,0.50433,33,8,1,1,REG,13:00,2025_01_MIA_IND
2025-09-07,2025,0,0,JAX,CAR,,,0.644729,26,10,1,1,REG,13:00,2025_01_CAR_JAX
2025-09-07,2025,0,0,NE,OAK,,,0.582993,13,20,0,1,REG,13:00,2025_01_LV_NE
2025-09-07,2025,0,0,NO,ARI,,,0.299838,13,20,0,1,REG,13:00,2025_01_ARI_NO
2025-09-07,2025,0,0,NYJ,PIT,,,0.417007,32,34,0,1,REG,13:00,2025_01_PIT_NYJ
2025-09-07,2025,0,0,WSH,NYG,,,0.717971,21,6,1,1,REG,13:00,2025_01_NYG_WAS
2025-09-07,2025,0,0,DEN,TEN,,,0.786744,20,12,1,1,REG,16:05,2025_01_TEN_DEN
2025-09-07,2025,0,0,SEA,SF,,,0.448559,13,17,0,1,REG,16:05,2025_01_SF_SEA
2025-09-07,2025,0,0,GB,DET,,,0.521739,27,13,1,1,REG,16:25,2025_01_DET_GB
2025-09-07,2025,0,0,LAR,HOU,,,0.599639,14,9,1,1,REG,16:25,2025_01_HOU_LA
2025-09-07,2025,0,0,BUF,BAL,,,0.457256,41,40,1,1,REG,20:20,2025_01_BAL_BUF
2025-09-08,2025,0,0,CHI,MIN,,,0.49567,24,27,0,1,REG,20:15,2025_01_MIN_CHI
2025-09-11,2025,0,0,GB,WSH,,,0.622467,27,18,1,2,REG,20:15,2025_02_WAS_GB
2025-09-14,2025,0,0,BAL,CLE,,,0.863014,41,17,1,2,REG,13:00,2025_02_CLE_BAL
2025-09-14,2025,0,0,CIN,JAX,,,0.63094,31,27,1,2,REG,13:00,2025_02_JAX_CIN
2025-09-14,2025,0,0,DAL,NYG,,,0.675031,40,37,1,2,REG,13:00,2025_02_NYG_DAL
2025-09-14,2025,0,0,DET,CHI,,,0.700162,52,21,1,2,REG,13:00,2025_02_CHI_DET
2025-09-14,2025,0,0,MIA,NE,,,0.532468,27,33,0,2,REG,13:00,2025_02_NE_MIA
2025-09-14,2025,0,0,NO,SF,,,0.400361,21,26,0,2,REG,13:00,2025_02_SF_NO
2025-09-14,2025,0,0,NYJ,BUF,,,0.286449,10,30,0,2,REG,13:00,2025_02_BUF_NYJ
2025-09-14,2025,0,0,PIT,SEA,,,0.63094,17,31,0,2,REG,13:00,2025_02_SEA_PIT
2025-09-14,2025,0,0,TEN,LAR,,,0.314607,19,33,0,2,REG,13:00,2025_02_LA_TEN
2025-09-14,2025,0,0,ARI,CAR,,,0.725753,27,22,1,2,REG,16:05,2025_02_CAR_ARI
2025-09-14,2025,0,0,IND,DEN,,,0.457256,29,28,1,2,REG,16:05,2025_02_DEN_IND
2025-09-14,2025,0,0,KC,PHI,,,0.473913,17,20,0,2,REG,16:25,2025_02_PHI_KC
2025-09-14,2025,0,0,MIN,ATL,,,0.616438,6,22,0,2,REG,20:20,2025_02_ATL_MIN
2025-09-15,2025,0,0,HOU,TB,,,0.551441,19,20,0,2,REG,19:00,2025_02_TB_HOU
2025-09-15,2025,0,0,OAK,LAC,,,0.363096,9,20,0,2,REG,22:00,2025_02_LAC_LV
2025-09-18,2025,0,0,BUF,MIA,,,0.852459,31,21,1,3,REG,20:15,2025_03_MIA_BUF
2025-09-21,2025,0,0,CAR,ATL,,,0.336352,30,0,1,3,REG,13:00,2025_03_ATL_CAR
2025-09-21,2025,0,0,CLE,GB,,,0.208638,13,10,1,3,REG,13:00,2025_03_GB_CLE
2025-09-21,2025,0,0,JAX,HOU,,,0.532468,17,10,1,3,REG,13:00,2025_03_HOU_JAX
2025-09-21,2025,0,0,MIN,CIN,,,0.59337,48,10,1,3,REG,13:00,2025_03_CIN_MIN
2025-09-21,2025,0,0,NE,PIT,,,0.478261,14,21,0,3,REG,13:00,2025_03_PIT_NE
2025-09-21,2025,0,0,PHI,LAR,,,0.636904,33,26,1,3,REG,13:00,2025_03_LA_PHI
2025-09-21,2025,0,0,TB,NYJ,,,0.744069,29,27,1,3,REG,13:00,2025_03_NYJ_TB
2025-09-21,2025,0,0,TEN,IND,,,0.319444,20,41,0,3,REG,13:00,2025_03_IND_TEN
2025-09-21,2025,0,0,WSH,OAK,,,0.582993,41,24,1,3,REG,13:00,2025_03_LV_WAS
2025-09-21,2025,0,0,LAC,DEN,,,0.582993,23,20,1,3,REG,16:05,2025_03_DEN_LAC
2025-09-21,2025,0,0,SEA,NO,,,0.757188,44,13,1,3,REG,16:05,2025_03_NO_SEA
2025-09-21,2025,0,0,CHI,DAL,,,0.467532,31,14,1,3,REG,16:25,2025_03_DAL_CHI
2025-09-21,2025,0,0,SF,ARI,,,0.532468,16,15,1,3,REG,16:25,2025_03_ARI_SF
2025-09-21,2025,0,0,NYG,KC,,,0.266458,9,22,0,3,REG,20:20,2025_03_KC_NYG
2025-09-22,2025,0,0,BAL,DET,,,0.680556,30,38,0,3,REG,20:15,2025_03_DET_BAL
2025-09-25,2025,0,0,ARI,SEA,,,0.467532,20,23,0,4,REG,20:15,2025_04_SEA_ARI
2025-09-28,2025,1,0,PIT,MIN,,,0.42794,24,21,1,4,REG,09:30,2025_04_MIN_PIT
2025-09-28,2025,0,0,ATL,WSH,,,0.563492,34,27,1,4,REG,13:00,2025_04_WAS_ATL
2025-09-28,2025,0,0,BUF,NO,,,0.893382,31,19,1,4,REG,13:00,2025_04_NO_BUF
2025-09-28,2025,0,0,DET,CLE,,,0.811867,34,10,1,4,REG,13:00,2025_04_CLE_DET
2025-09-28,2025,0,0,HOU,TEN,,,0.781906,26,0,1,4,REG,13:00,2025_04_TEN_HOU
2025-09-28,2025,0,0,NE,CAR,,,0.69577,42,13,1,4,REG,13:00,2025_04_CAR_NE
2025-09-28,2025,0,0,NYG,LAC,,,0.290456,21,18,1,4,REG,13:00,2025_04_LAC_NYG
2025-09-28,2025,0,0,TB,PHI,,,0.377533,25,31,0,4,REG,13:00,2025_04_PHI_TB
2025-09-28,2025,0,0,LAR,IND,,,0.622467,27,20,1,4,REG,16:05,2025_04_IND_LA
2025-09-28,2025,0,0,SF,JAX,,,0.616438,21,26,0,4,REG,16:05,2025_04_JAX_SF
2025-09-28,2025,0,0,KC,BAL,,,0.42794,37,20,1,4,REG,16:25,2025_04_BAL_KC
2025-09-28,2025,0,0,OAK,CHI,,,0.532468,24,25,0,4,REG,16:25,2025_04_CHI_LV
2025-09-28,2025,0,0,DAL,GB,,,0.255931,40,40,0.5,4,REG,20:20,2025_04_GB_DAL
2025-09-29,2025,0,0,MIA,NYJ,,,0.57206,27,21,1,4,REG,19:15,2025_04_NYJ_MIA
2025-09-29,2025,0,0,DEN,CIN,,,0.791362,28,3,1,4,REG,20:15,2025_04_CIN_DEN
2025-10-02,2025,0,0,LAR,SF,,,0.781906,23,26,0,5,REG,20:15,2025_05_SF_LA
2025-10-05,2025,1,0,CLE,MIN,,,0.363096,17,21,0,5,REG,09:30,2025_05_MIN_CLE
2025-10-05,2025,0,0,BAL,HOU,,,0.42794,10,44,0,5,REG,13:00,2025_05_HOU_BAL
2025-10-05,2025,0,0,CAR,MIA,,,0.478261,27,24,1,5,REG,13:00,2025_05_MIA_CAR
2025-10-05,2025,0,0,IND,OAK,,,0.750813,40,6,1,5,REG,13:00,2025_05_LV_IND
2025-10-05,2025,0,0,NO,NYG,,,0.521739,26,14,1,5,REG,13:00,2025_05_NYG_NO
2025-10-05,2025,0,0,NYJ,DAL,,,0.510834,22,37,0,5,REG,13:00,2025_05_DAL_NYJ
2025-10-05,2025,0,0,PHI,DEN,,,0.657475,17,21,0,5,REG,13:00,2025_05_DEN_PHI
2025-10-05,2025,0,0,ARI,TEN,,,0.776833,21,22,0,5,REG,16:05,2025_05_TEN_ARI
2025-10-05,2025,0,0,SEA,TB,,,0.616438,35,38,0,5,REG,16:05,2025_05_TB_SEA
2025-10-05,2025,0,0,CIN,DET,,,0.182741,24,37,0,5,REG,16:25,2025_05_DET_CIN
2025-10-05,2025,0,0,LAC,WSH,,,0.582993,10,27,0,5,REG,16:25,2025_05_WAS_LAC
2025-10-05,2025,0,0,BUF,NE,,,0.765902,20,23,0,5,REG,20:20,2025_05_NE_BUF
2025-10-06,2025,0,0,JAX,KC,,,0.363096,31,28,1,5,REG,20:15,2025_05_KC_JAX
2025-10-09,2025,0,0,NYG,PHI,,,0.234098,34,17,1,6,REG,20:15,2025_06_PHI_NYG
2025-10-12,2025,1,0,NYJ,DEN,,,0.234098,11,13,0,6,REG,09:30,2025_06_DEN_NYJ
2025-10-12,2025,0,0,BAL,LAR,,,0.252217,3,17,0,6,REG,13:00,2025_06_LA_BAL
2025-10-12,2025,0,0,CAR,DAL,,,0.390764,30,27,1,6,REG,13:00,2025_06_DAL_CAR
2025-10-12,2025,0,0,IND,ARI,,,0.791362,31,27,1,6,REG,13:00,2025_06_ARI_IND
2025-10-12,2025,0,0,JAX,SEA,,,0.489166,12,20,0,6,REG,13:00,2025_06_SEA_JAX
2025-10-12,2025,0,0,MIA,LAC,,,0.355271,27,29,0,6,REG,13:00,2025_06_LAC_MIA
2025-10-12,2025,0,0,NO,NE,,,0.36906,19,25,0,6,REG,13:00,2025_06_NE_NO
2025-10-12,2025,0,0,PIT,CLE,,,0.705033,23,9,1,6,REG,13:00,2025_06_CLE_PIT
2025-10-12,2025,0,0,OAK,TEN,,,0.622467,20,10,1,6,REG,16:05,2025_06_TEN_LV
2025-10-12,2025,0,0,GB,CIN,,,0.872093,27,18,1,6,REG,16:25,2025_06_CIN_GB
2025-10-12,2025,0,0,TB,SF,,,0.63094,30,19,1,6,REG,16:25,2025_06_SF_TB
2025-10-12,2025,0,0,KC,DET,,,0.563492,30,17,1,6,REG,20:20,2025_06_DET_KC
2025-10-13,2025,0,0,ATL,BUF,,,0.355271,24,14,1,6,REG,19:15,2025_06_BUF_ATL
2025-10-13,2025,0,0,WSH,CHI,,,0.690793,24,25,0,6,REG,20:15,2025_06_CHI_WAS
2025-10-16,2025,0,0,CIN,PIT,,,0.319444,33,31,1,7,REG,20:15,2025_07_PIT_CIN
2025-10-19,2025,1,0,JAX,LAR,,,0.400361,7,35,0,7,REG,09:30,2025_07_LA_JAX
2025-10-19,2025,0,0,CHI,NO,,,0.663648,26,14,1,7,REG,13:00,2025_07_NO_CHI
2025-10-19,2025,0,0,CLE,MIA,,,0.57206,31,6,1,7,REG,13:00,2025_07_MIA_CLE
2025-10-19,2025,0,0,KC,OAK,,,0.867717,31,0,1,7,REG,13:00,2025_07_LV_KC
2025-10-19,2025,0,0,MIN,PHI,,,0.42794,22,28,0,7,REG,13:00,2025_07_PHI_MIN
2025-10-19,2025,0,0,NYJ,CAR,,,0.50433,6,13,0,7,REG,13:00,2025_07_CAR_NYJ
2025-10-19,2025,0,0,TEN,NE,,,0.286449,13,31,0,7,REG,13:00,2025_07_NE_TEN
2025-10-19,2025,0,0,DEN,NYG,,,0.776833,33,32,1,7,REG,16:05,2025_07_NYG_DEN
2025-10-19,2025,0,0,LAC,IND,,,0.551441,24,38,0,7,REG,16:05,2025_07_IND_LAC
2025-10-19,2025,0,0,ARI,GB,,,0.234098,23,27,0,7,REG,16:25,2025_07_GB_ARI
2025-10-19,2025,0,0,DAL,WSH,,,0.532468,44,22,1,7,REG,16:25,2025_07_WAS_DAL
2025-10-19,2025,0,0,SF,ATL,,,0.510834,20,10,1,7,REG,20:20,2025_07_ATL_SF
2025-10-20,2025,0,0,DET,TB,,,0.705033,24,9,1,7,REG,19:00,2025_07_TB_DET
2025-10-20,2025,0,0,SEA,HOU,,,0.599639,27,19,1,7,REG,22:00,2025_07_HOU_SEA
2025-10-23,2025,0,0,LAC,MIN,,,0.603757,37,10,1,8,REG,20:15,2025_08_MIN_LAC
2025-10-26,2025,0,0,ATL,MIA,,,0.747783,10,34,0,8,REG,13:00,2025_08_MIA_ATL
2025-10-26,2025,0,0,BAL,CHI,,,0.57206,30,16,1,8,REG,13:00,2025_08_CHI_BAL
2025-10-26,2025,0,0,CAR,BUF,,,0.234098,9,40,0,8,REG,13:00,2025_08_BUF_CAR
2025-10-26,2025,0,0,CIN,NYJ,,,0.690793,38,39,0,8,REG,13:00,2025_08_NYJ_CIN
2025-10-26,2025,0,0,HOU,SF,,,0.582993,26,15,1,8,REG,13:00,2025_08_SF_HOU
2025-10-26,2025,0,0,NE,CLE,,,0.76,32,13,1,8,REG,13:00,2025_08_CLE_NE
2025-10-26,2025,0,0,PHI,NYG,,,0.76,38,20,1,8,REG,13:00,2025_08_NYG_PHI
2025-10-26,2025,0,0,NO,TB,,,0.342525,3,23,0,8,REG,16:05,2025_08_TB_NO
2025-10-26,2025,0,0,DEN,DAL,,,0.63094,44,24,1,8,REG,16:25,2025_08_DAL_DEN
2025-10-26,2025,0,0,IND,TEN,,,0.908257,38,14,1,8,REG,16:25,2025_08_TEN_IND
2025-10-26,2025,0,0,PIT,GB,,,0.417007,25,35,0,8,REG,20:20,2025_08_GB_PIT
2025-10-27,2025,0,0,KC,WSH,,,0.84,28,7,1,8,REG,20:15,2025_08_WAS_KC
2025-10-30,2025,0,0,MIA,BAL,,,0.213256,6,28,0,9,REG,20:15,2025_09_BAL_MIA
2025-11-02,2025,0,0,CIN,CHI,,,0.40663,42,47,0,9,REG,13:00,2025_09_CHI_CIN
2025-11-02,2025,0,0,DET,MIN,,,0.811867,24,27,0,9,REG,13:00,2025_09_MIN_DET
2025-11-02,2025,0,0,GB,CAR,,,0.872093,13,16,0,9,REG,13:00,2025_09_CAR_GB
2025-11-02,2025,0,0,HOU,DEN,,,0.532468,15,18,0,9,REG,13:00,2025_09_DEN_HOU
2025-11-02,2025,0,0,NE,ATL,,,0.685393,24,23,1,9,REG,13:00,2025_09_ATL_NE
2025-11-02,2025,0,0,NYG,SF,,,0.42794,24,34,0,9,REG,13:00,2025_09_SF_NYG
2025-11-02,2025,0,0,PIT,IND,,,0.377533,27,20,1,9,REG,13:00,2025_09_IND_PIT
2025-11-02,2025,0,0,TEN,LAC,,,0.16835,20,27,0,9,REG,13:00,2025_09_LAC_TEN
2025-11-02,2025,0,0,LAR,NO,,,0.886957,34,10,1,9,REG,16:05,2025_09_NO_LA
2025-11-02,2025,0,0,OAK,JAX,,,0.457256,29,30,0,9,REG,16:05,2025_09_JAX_LV
2025-11-02,2025,0,0,BUF,KC,,,0.448559,28,21,1,9,REG,16:25,2025_09_KC_BUF
2025-11-02,2025,0,0,WSH,SEA,,,0.42794,14,38,0,9,REG,20:20,2025_09_SEA_WAS
2025-11-03,2025,0,0,DAL,ARI,,,0.609236,17,27,0,9,REG,20:15,2025_09_ARI_DAL
2025-11-06,2025,0,0,DEN,OAK,,,0.8,10,7,1,10,REG,20:15,2025_10_LV_DEN
2025-11-09,2025,1,0,IND,ATL,,,0.725753,31,25,1,10,REG,09:30,2025_10_ATL_IND
2025-11-09,2025,0,0,CAR,NO,,,0.680556,7,17,0,10,REG,13:00,2025_10_NO_CAR
2025-11-09,2025,0,0,CHI,NYG,,,0.657475,24,20,1,10,REG,13:00,2025_10_NYG_CHI
2025-11-09,2025,0,0,HOU,JAX,,,0.489166,36,29,1,10,REG,13:00,2025_10_JAX_HOU
2025-11-09,2025,0,0,MIA,BUF,,,0.213256,30,13,1,10,REG,13:00,2025_10_BUF_MIA
2025-11-09,2025,0,0,MIN,BAL,,,0.330993,19,27,0,10,REG,13:00,2025_10_BAL_MIN
2025-11-09,2025,0,0,NYJ,CLE,,,0.457256,27,20,1,10,REG,13:00,2025_10_CLE_NYJ
2025-11-09,2025,0,0,TB,NE,,,0.57206,23,28,0,10,REG,13:00,2025_10_NE_TB
2025-11-09,2025,0,0,SEA,ARI,,,0.740872,44,22,1,10,REG,16:05,2025_10_ARI_SEA
2025-11-09,2025,0,0,SF,LAR,,,0.309207,26,42,0,10,REG,16:25,2025_10_LA_SF
2025-11-09,2025,0,0,WSH,DET,,,0.213256,22,44,0,10,REG,16:25,2025_10_DET_WAS
2025-11-09,2025,0,0,LAC,PIT,,,0.59337,25,10,1,10,REG,20:20,2025_10_PIT_LAC
2025-11-10,2025,0,0,GB,PHI,,,0.5,7,10,0,10,REG,20:15,2025_10_PHI_GB
2025-11-13,2025,0,0,NE,NYJ,,,0.867717,27,14,1,11,REG,20:15,2025_11_NYJ_NE
2025-11-16,2025,1,0,MIA,WSH,,,0.57206,16,13,1,11,REG,09:30,2025_11_WAS_MIA
2025-11-16,2025,0,0,ATL,CAR,,,0.657475,27,30,0,11,REG,13:00,2025_11_CAR_ATL
2025-11-16,2025,0,0,BUF,TB,,,0.709544,44,32,1,11,REG,13:00,2025_11_TB_BUF
2025-11-16,2025,0,0,JAX,LAC,,,0.417007,35,6,1,11,REG,13:00,2025_11_LAC_JAX
2025-11-16,2025,0,0,MIN,CHI,,,0.57206,17,19,0,11,REG,13:00,2025_11_CHI_MIN
2025-11-16,2025,0,0,NYG,GB,,,0.218094,20,27,0,11,REG,13:00,2025_11_GB_NYG
2025-11-16,2025,0,0,PIT,CIN,,,0.685393,34,12,1,11,REG,13:00,2025_11_CIN_PIT
2025-11-16,2025,0,0,TEN,HOU,,,0.30423,13,16,0,11,REG,13:00,2025_11_HOU_TEN
2025-11-16,2025,0,0,ARI,SF,,,0.36906,22,41,0,11,REG,16:05,2025_11_SF_ARI
2025-11-16,2025,0,0,LAR,SEA,,,0.609236,21,19,1,11,REG,16:05,2025_11_SEA_LA
2025-11-16,2025,0,0,CLE,BAL,,,0.218094,16,23,0,11,REG,16:25,2025_11_BAL_CLE
2025-11-16,2025,0,0,DEN,KC,,,0.342525,22,19,1,11,REG,16:25,2025_11_KC_DEN
2025-11-16,2025,0,0,PHI,DET,,,0.582993,16,9,1,11,REG,20:20,2025_11_DET_PHI
2025-11-17,2025,0,0,OAK,DAL,,,0.363096,16,33,0,11,REG,20:15,2025_11_DAL_LV
2025-11-20,2025,0,0,HOU,BUF,,,0.309207,23,19,1,12,REG,20:15,2025_12_BUF_HOU
2025-11-23,2025,0,0,BAL,NYJ,,,0.876178,23,10,1,12,REG,13:00,2025_12_NYJ_BAL
2025-11-23,2025,0,0,CHI,PIT,,,0.582993,31,28,1,12,REG,13:00,2025_12_PIT_CHI
2025-11-23,2025,0,0,CIN,NE,,,0.234098,20,26,0,12,REG,13:00,2025_12_NE_CIN
2025-11-23,2025,0,0,DET,NYG,,,0.876178,34,27,1,12,REG,13:00,2025_12_NYG_DET
2025-11-23,2025,0,0,GB,MIN,,,0.713551,23,6,1,12,REG,13:00,2025_12_MIN_GB
2025-11-23,2025,0,0,KC,IND,,,0.657475,23,20,1,12,REG,13:00,2025_12_IND_KC
2025-11-23,2025,0,0,TEN,SEA,,,0.132283,24,30,0,12,REG,13:00,2025_12_SEA_TEN
2025-11-23,2025,0,0,ARI,JAX,,,0.448559,24,27,0,12,REG,16:05,2025_12_JAX_ARI
2025-11-23,2025,0,0,OAK,CLE,,,0.59337,10,24,0,12,REG,16:05,2025_12_CLE_LV
2025-11-23,2025,0,0,DAL,PHI,,,0.40663,24,21,1,12,REG,16:25,2025_12_PHI_DAL
2025-11-23,2025,0,0,NO,ATL,,,0.526087,10,24,0,12,REG,16:25,2025_12_ATL_NO
2025-11-23,2025,0,0,LAR,TB,,,0.757188,34,7,1,12,REG,20:20,2025_12_TB_LA
2025-11-24,2025,0,0,SF,CAR,,,0.765902,20,9,1,12,REG,20:15,2025_12_CAR_SF
2025-11-27,2025,0,0,DET,GB,,,0.582993,24,31,0,13,REG,13:00,2025_13_GB_DET
2025-11-27,2025,0,0,DAL,KC,,,0.377533,31,28,1,13,REG,16:30,2025_13_KC_DAL
2025-11-27,2025,0,0,BAL,CIN,,,0.757188,14,32,0,13,REG,20:20,2025_13_CIN_BAL
2025-11-28,2025,0,0,PHI,CHI,,,0.740872,15,24,0,13,REG,15:00,2025_13_CHI_PHI
2025-11-30,2025,0,0,CAR,LAR,,,0.182741,31,28,1,13,REG,13:00,2025_13_LA_CAR
2025-11-30,2025,0,0,CLE,SF,,,0.314607,8,26,0,13,REG,13:00,2025_13_SF_CLE
2025-11-30,2025,0,0,IND,HOU,,,0.603757,16,20,0,13,REG,13:00,2025_13_HOU_IND
2025-11-30,2025,0,0,MIA,NO,,,0.685393,21,17,1,13,REG,13:00,2025_13_NO_MIA
2025-11-30,2025,0,0,NYJ,ATL,,,0.400361,27,24,1,13,REG,13:00,2025_13_ATL_NYJ
2025-11-30,2025,0,0,TB,ARI,,,0.636904,20,17,1,13,REG,13:00,2025_13_ARI_TB
2025-11-30,2025,0,0,TEN,JAX,,,0.299838,3,25,0,13,REG,13:00,2025_13_JAX_TEN
2025-11-30,2025,0,0,SEA,MIN,,,0.863014,26,0,1,13,REG,16:05,2025_13_MIN_SEA
2025-11-30,2025,0,0,LAC,OAK,,,0.822335,31,14,1,13,REG,16:25,2025_13_LV_LAC
2025-11-30,2025,0,0,PIT,BUF,,,0.400361,7,26,0,13,REG,16:25,2025_13_BUF_PIT
2025-11-30,2025,0,0,WSH,DEN,,,0.274247,26,27,0,13,REG,20:20,2025_13_DEN_WAS
2025-12-01,2025,0,0,NE,NYG,,,0.757188,33,15,1,13,REG,20:15,2025_13_NYG_NE
2025-12-04,2025,0,0,DET,DAL,,,0.63094,44,30,1,14,REG,20:15,2025_14_DAL_DET
2025-12-07,2025,0,0,ATL,SEA,,,0.252217,9,37,0,14,REG,13:00,2025_14_SEA_ATL
2025-12-07,2025,0,0,BAL,PIT,,,0.700162,22,27,0,14,REG,13:00,2025_14_PIT_BAL
2025-12-07,2025,0,0,BUF,CIN,,,0.709544,39,34,1,14,REG,13:00,2025_14_CIN_BUF
2025-12-07,2025,0,0,CLE,TEN,,,0.644729,29,31,0,14,REG,13:00,2025_14_TEN_CLE
2025-12-07,2025,0,0,JAX,IND,,,0.448559,36,19,1,14,REG,13:00,2025_14_IND_JAX
2025-12-07,2025,0,0,MIN,WSH,,,0.489166,31,0,1,14,REG,13:00,2025_14_WAS_MIN
2025-12-07,2025,0,0,NYJ,MIA,,,0.42794,10,34,0,14,REG,13:00,2025_14_MIA_NYJ
2025-12-07,2025,0,0,TB,NO,,,0.776833,20,24,0,14,REG,13:00,2025_14_NO_TB
2025-12-07,2025,0,0,OAK,DEN,,,0.208638,17,24,0,14,REG,16:05,2025_14_DEN_LV
2025-12-07,2025,0,0,ARI,LAR,,,0.2,17,45,0,14,REG,16:25,2025_14_LA_ARI
2025-12-07,2025,0,0,GB,CHI,,,0.722079,28,21,1,14,REG,16:25,2025_14_CHI_GB
2025-12-07,2025,0,0,KC,HOU,,,0.657475,10,20,0,14,REG,20:20,2025_14_HOU_KC
2025-12-08,2025,0,0,LAC,PHI,,,0.478261,22,19,1,14,REG,20:15,2025_14_PHI_LAC
2025-12-11,2025,0,0,TB,ATL,,,0.705033,28,29,0,15,REG,20:15,2025_15_ATL_TB
2025-12-14,2025,0,0,CHI,CLE,,,0.757188,31,3,1,15,REG,13:00,2025_15_CLE_CHI
2025-12-14,2025,0,0,CIN,BAL,,,0.40663,0,24,0,15,REG,13:00,2025_15_BAL_CIN
2025-12-14,2025,0,0,HOU,ARI,,,0.827124,40,20,1,15,REG,13:00,2025_15_ARI_HOU
2025-12-14,2025,0,0,JAX,NYJ,,,0.876178,48,20,1,15,REG,13:00,2025_15_NYJ_JAX
2025-12-14,2025,0,0,KC,LAC,,,0.690793,13,16,0,15,REG,13:00,2025_15_LAC_KC
2025-12-14,2025,0,0,NE,BUF,,,0.436508,31,35,0,15,REG,13:00,2025_15_BUF_NE
2025-12-14,2025,0,0,NYG,WSH,,,0.57206,21,29,0,15,REG,13:00,2025_15_WAS_NYG
2025-12-14,2025,0,0,PHI,OAK,,,0.872093,31,0,1,15,REG,13:00,2025_15_LV_PHI
2025-12-14,2025,0,0,DEN,GB,,,0.473913,34,26,1,15,REG,16:25,2025_15_GB_DEN
2025-12-14,2025,0,0,LAR,DET,,,0.680556,41,34,1,15,REG,16:25,2025_15_DET_LA
2025-12-14,2025,0,0,NO,CAR,,,0.42794,20,17,1,15,REG,16:25,2025_15_CAR_NO
2025-12-14,2025,0,0,SEA,IND,,,0.872093,18,16,1,15,REG,16:25,2025_15_IND_SEA
2025-12-14,2025,0,0,SF,TEN,,,0.863014,37,24,1,15,REG,16:25,2025_15_TEN_SF
2025-12-14,2025,0,0,DAL,MIN,,,0.69577,26,34,0,15,REG,20:20,2025_15_MIN_DAL
2025-12-15,2025,0,0,PIT,MIA,,,0.609236,28,15,1,15,REG,20:15,2025_15_MIA_PIT
2025-12-18,2025,0,0,SEA,LAR,,,0.526087,38,37,1,16,REG,20:15,2025_16_LA_SEA
2025-12-20,2025,0,0,WSH,PHI,,,0.24,18,29,0,16,REG,17:00,2025_16_PHI_WAS
2025-12-20,2025,0,0,CHI,GB,,,0.517364,22,16,1,16,REG,20:20,2025_16_GB_CHI
2025-12-21,2025,0,0,CAR,TB,,,0.417007,23,20,1,16,REG,13:00,2025_16_TB_CAR
2025-12-21,2025,0,0,CLE,BUF,,,0.182741,20,23,0,16,REG,13:00,2025_16_BUF_CLE
2025-12-21,2025,0,0,DAL,LAC,,,0.526087,17,34,0,16,REG,13:00,2025_16_LAC_DAL
2025-12-21,2025,0,0,MIA,CIN,,,0.355271,21,45,0,16,REG,13:00,2025_16_CIN_MIA
2025-12-21,2025,0,0,NO,NYJ,,,0.717971,29,6,1,16,REG,13:00,2025_16_NYJ_NO
2025-12-21,2025,0,0,NYG,MIN,,,0.42794,13,16,0,16,REG,13:00,2025_16_MIN_NYG
2025-12-21,2025,0,0,TEN,KC,,,0.377533,26,9,1,16,REG,13:00,2025_16_KC_TEN
2025-12-21,2025,0,0,ARI,ATL,,,0.42794,19,26,0,16,REG,16:05,2025_16_ATL_ARI
2025-12-21,2025,0,0,DEN,JAX,,,0.609236,20,34,0,16,REG,16:05,2025_16_JAX_DEN
2025-12-21,2025,0,0,DET,PIT,,,0.776833,24,29,0,16,REG,16:25,2025_16_PIT_DET
2025-12-21,2025,0,0,HOU,OAK,,,0.903955,23,21,1,16,REG,16:25,2025_16_LV_HOU
2025-12-21,2025,0,0,BAL,NE,,,0.622467,24,28,0,16,REG,20:20,2025_16_NE_BAL
2025-12-22,2025,0,0,IND,SF,,,0.336352,27,48,0,16,REG,20:15,2025_16_SF_IND
2025-12-25,2025,0,0,WSH,DAL,,,0.2,23,30,0,17,REG,13:00,2025_17_DAL_WAS
2025-12-25,2025,0,0,MIN,DET,,,0.249187,23,10,1,17,REG,16:30,2025_17_DET_MIN
2025-12-25,2025,0,0,KC,DEN,,,0.12,13,20,0,17,REG,20:15,2025_17_DEN_KC
2025-12-27,2025,0,0,LAC,HOU,,,0.517364,16,20,0,17,REG,16:30,2025_17_HOU_LAC
2025-12-27,2025,0,0,GB,BAL,,,0.563492,24,41,0,17,REG,20:00,2025_17_BAL_GB
2025-12-28,2025,0,0,CAR,SEA,,,0.277921,10,27,0,17,REG,13:00,2025_17_SEA_CAR
2025-12-28,2025,0,0,CIN,ARI,,,0.744069,37,14,1,17,REG,13:00,2025_17_ARI_CIN
2025-12-28,2025,0,0,CLE,PIT,,,0.355271,13,6,1,17,REG,13:00,2025_17_PIT_CLE
2025-12-28,2025,0,0,IND,JAX,,,0.336352,17,23,0,17,REG,13:00,2025_17_JAX_IND
2025-12-28,2025,0,0,MIA,TB,,,0.314607,20,17,1,17,REG,13:00,2025_17_TB_MIA
2025-12-28,2025,0,0,NYJ,NE,,,0.132283,10,42,0,17,REG,13:00,2025_17_NE_NYJ
2025-12-28,2025,0,0,TEN,NO,,,0.478261,26,34,0,17,REG,13:00,2025_17_NO_TEN
2025-12-28,2025,0,0,OAK,NYG,,,0.40663,10,34,0,17,REG,16:05,2025_17_NYG_LV
2025-12-28,2025,0,0,BUF,PHI,,,0.603757,12,13,0,17,REG,16:25,2025_17_PHI_BUF
2025-12-28,2025,0,0,SF,CHI,,,0.644729,42,38,1,17,REG,20:20,2025_17_CHI_SF
2025-12-29,2025,0,0,ATL,LAR,,,0.24,27,24,1,17,REG,20:15,2025_17_LA_ATL
2026-01-03,2025,0,0,TB,CAR,,,0.582993,16,14,1,18,REG,16:30,2025_18_CAR_TB
2026-01-03,2025,0,0,SF,SEA,,,0.42794,3,13,0,18,REG,20:00,2025_18_SEA_SF
2026-01-04,2025,0,0,ATL,NO,,,0.644729,19,17,1,18,REG,13:00,2025_18_NO_ATL
2026-01-04,2025,0,0,CIN,CLE,,,0.786744,18,20,0,18,REG,13:00,2025_18_CLE_CIN
2026-01-04,2025,0,0,HOU,IND,,,0.808157,38,30,1,18,REG,13:00,2025_18_IND_HOU
2026-01-04,2025,0,0,JAX,TEN,,,0.846501,41,7,1,18,REG,13:00,2025_18_TEN_JAX
2026-01-04,2025,0,0,MIN,GB,,,0.83165,16,3,1,18,REG,13:00,2025_18_GB_MIN
2026-01-04,2025,0,0,NYG,DAL,,,0.400361,34,17,1,18,REG,13:00,2025_18_DAL_NYG
2026-01-04,2025,0,0,BUF,NYJ,,,0.852459,35,8,1,18,REG,16:25,2025_18_NYJ_BUF
2026-01-04,2025,0,0,CHI,DET,,,0.616438,16,19,0,18,REG,16:25,2025_18_DET_CHI
2026-01-04,2025,0,0,DEN,LAC,,,0.903955,19,3,1,18,REG,16:25,2025_18_LAC_DEN
2026-01-04,2025,0,0,LAR,ARI,,,0.893382,37,20,1,18,REG,16:25,2025_18_ARI_LA
2026-01-04,2025,0,0,OAK,KC,,,0.336352,14,12,1,18,REG,16:25,2025_18_KC_LV
2026-01-04,2025,0,0,NE,MIA,,,0.872093,38,10,1,18,REG,16:25,2025_18_MIA_NE
2026-01-04,2025,0,0,PHI,WSH,,,0.616438,17,24,0,18,REG,16:25,2025_18_WAS_PHI
2026-01-04,2025,0,0,PIT,BAL,,,0.336352,26,24,1,18,REG,20:20,2025_18_BAL_PIT
2026-01-10,2025,0,1,CAR,LAR,,,0.188133,31,34,0,19,WC,16:30,2025_19_LA_CAR
2026-01-10,2025,0,1,CHI,GB,,,0.448559,31,27,1,19,WC,20:00,2025_19_GB_CHI
2026-01-11,2025,0,1,JAX,BUF,,,0.526087,24,27,0,19,WC,13:00,2025_19_BUF_JAX
2026-01-11,2025,0,1,PHI,SF,,,0.69577,19,23,0,19,WC,16:30,2025_19_SF_PHI
2026-01-11,2025,0,1,NE,LAC,,,0.636904,16,3,1,19,WC,20:00,2025_19_LAC_NE
2026-01-12,2025,0,1,PIT,HOU,,,0.417007,6,30,0,19,WC,20:00,2025_19_HOU_PIT
2026-01-17,2025,0,1,DEN,BUF,,,0.521739,33,30,1,20,DIV,16:30,2025_20_BUF_DEN
2026-01-17,2025,0,1,SEA,SF,,,0.722079,41,6,1,20,DIV,20:00,2025_20_SF_SEA
2026-01-18,2025,0,1,NE,HOU,,,0.616438,28,16,1,20,DIV,15:00,2025_20_HOU_NE
2026-01-18,2025,0,1,CHI,LAR,,,0.355271,17,20,0,20,DIV,18:30,2025_20_LA_CHI
2026-01-25,2025,0,1,DEN,NE,,,0.355271,7,10,0,21,CON,15:00,2025_21_NE_DEN
2026-01-25,2025,0,1,SEA,LAR,,,0.563492,31,27,1,21,CON,18:30,2025_21_LA_SEA
2026-02-08,2025,1,1,NE,SEA,,,0.324969,13,29,0,22,SB,18:30,2025_22_SEA_NE
2026-09-09,2026,0,0,SEA,NE,,,0.599639,13,10,1,1,REG,20:20,2026_01_NE_SEA
2026-09-10,2026,1,0,LAR,SF,,,0.657475,7,27,0,1,REG,20:35,2026_01_SF_LA
2026-09-13,2026,0,0,CAR,CHI,,,0.400361,37,59,0,1,REG,13:00,2026_01_CHI_CAR
2026-09-13,2026,0,0,CIN,TB,,,0.644729,33,27,1,1,REG,13:00,2026_01_TB_CIN
2026-09-13,2026,0,0,DET,NO,,,0.733542,31,30,1,1,REG,13:00,2026_01_NO_DET
2026-09-13,2026,0,0,HOU,BUF,,,0.49567,31,36,0,1,REG,13:00,2026_01_BUF_HOU
2026-09-13,2026,0,0,IND,BAL,,,0.40663,23,41,0,1,REG,13:00,2026_01_BAL_IND
2026-09-13,2026,0,0,JAX,CLE,,,0.791362,34,10,1,1,REG,13:00,2026_01_CLE_JAX
2026-09-13,2026,0,0,PIT,ATL,,,0.717971,20,13,1,1,REG,13:00,2026_01_ATL_PIT
2026-09-13,2026,0,0,TEN,NYJ,,,0.517364,10,23,0,1,REG,13:00,2026_01_NYJ_TEN
2026-09-13,2026,0,0,LAC,ARI,,,0.786744,14,26,0,1,REG,16:25,2026_01_ARI_LAC
2026-09-13,2026,0,0,OAK,MIA,,,0.603757,27,13,1,1,REG,16:25,2026_01_MIA_LV
2026-09-13,2026,0,0,MIN,GB,,,0.532468,39,22,1,1,REG,16:25,2026_01_GB_MIN
2026-09-13,2026,0,0,PHI,WSH,,,0.680556,24,22,1,1,REG,16:25,2026_01_WAS_PHI
2026-09-13,2026,0,0,NYG,DAL,,,0.400361,28,20,1,1,REG,20:20,2026_01_DAL_NYG
2026-09-14,2026,0,0,KC,DEN,,,0.542744,31,10,1,1,REG,20:15,2026_01_DEN_KC
2026-09-17,2026,0,0,BUF,DET,,,0.669007,,,,2,REG,20:15,2026_02_DET_BUF
2026-09-20,2026,0,0,ATL,CAR,,,0.42794,,,,2,REG,13:00,2026_02_CAR_ATL
2026-09-20,2026,0,0,BAL,NO,,,0.765902,,,,2,REG,13:00,2026_02_NO_BAL
2026-09-20,2026,0,0,CHI,MIN,,,0.644729,,,,2,REG,13:00,2026_02_MIN_CHI
2026-09-20,2026,0,0,HOU,CIN,,,0.57206,,,,2,REG,13:00,2026_02_CIN_HOU
2026-09-20,2026,0,0,NE,PIT,,,0.663648,,,,2,REG,13:00,2026_02_PIT_NE
2026-09-20,2026,0,0,NYJ,GB,,,0.36906,,,,2,REG,13:00,2026_02_GB_NYJ
2026-09-20,2026,0,0,TB,CLE,,,0.765902,,,,2,REG,13:00,2026_02_CLE_TB
2026-09-20,2026,0,0,TEN,PHI,,,0.266458,,,,2,REG,13:00,2026_02_PHI_TEN
2026-09-20,2026,0,0,DEN,JAX,,,0.57206,,,,2,REG,16:05,2026_02_JAX_DEN
2026-09-20,2026,0,0,LAC,OAK,,,0.722079,,,,2,REG,16:05,2026_02_LV_LAC
2026-09-20,2026,0,0,ARI,SEA,,,0.355271,,,,2,REG,16:25,2026_02_SEA_ARI
2026-09-20,2026,0,0,DAL,WSH,,,0.663648,,,,2,REG,16:25,2026_02_WAS_DAL
2026-09-20,2026,0,0,SF,MIA,,,0.852459,,,,2,REG,16:25,2026_02_MIA_SF
2026-09-20,2026,0,0,KC,IND,,,0.709544,,,,2,REG,20:20,2026_02_IND_KC
2026-09-21,2026,0,0,LAR,NYG,,,0.747783,,,,2,REG,20:15,2026_02_NYG_LA
2026-09-24,2026,0,0,GB,ATL,,,0.725753,,,,3,REG,20:15,2026_03_ATL_GB
2026-09-27,2026,0,0,BUF,LAC,,,0.663648,,,,3,REG,13:00,2026_03_LAC_BUF
2026-09-27,2026,0,0,CLE,CAR,,,0.436508,,,,3,REG,13:00,2026_03_CAR_CLE
2026-09-27,2026,0,0,DET,NYJ,,,0.740872,,,,3,REG,13:00,2026_03_NYJ_DET
2026-09-27,2026,0,0,IND,HOU,,,0.448559,,,,3,REG,13:00,2026_03_HOU_IND
2026-09-27,2026,0,0,JAX,NE,,,0.551441,,,,3,REG,13:00,2026_03_NE_JAX
2026-09-27,2026,0,0,MIA,KC,,,0.213256,,,,3,REG,13:00,2026_03_KC_MIA
2026-09-27,2026,0,0,NYG,TEN,,,0.680556,,,,3,REG,13:00,2026_03_TEN_NYG
2026-09-27,2026,0,0,PIT,CIN,,,0.448559,,,,3,REG,13:00,2026_03_CIN_PIT
2026-09-27,2026,0,0,WSH,SEA,,,0.448559,,,,3,REG,13:00,2026_03_SEA_WAS
2026-09-27,2026,0,0,SF,ARI,,,0.795776,,,,3,REG,16:05,2026_03_ARI_SF
2026-09-27,2026,0,0,TB,MIN,,,0.532468,,,,3,REG,16:05,2026_03_MIN_TB
2026-09-27,2026,1,0,DAL,BAL,,,0.417007,,,,3,REG,16:25,2026_03_BAL_DAL
2026-09-27,2026,0,0,NO,OAK,,,0.59337,,,,3,REG,16:25,2026_03_LV_NO
2026-09-27,2026,0,0,DEN,LAR,,,0.448559,,,,3,REG,20:20,2026_03_LA_DEN
2026-09-28,2026,0,0,CHI,PHI,,,0.517364,,,,3,REG,20:15,2026_03_PHI_CHI
2026-10-01,2026,0,0,CLE,PIT,,,,,,,4,REG,20:15,2026_04_PIT_CLE
2026-10-04,2026,1,0,WSH,IND,,,,,,,4,REG,09:30,2026_04_IND_WAS
2026-10-04,2026,0,0,BAL,TEN,,,,,,,4,REG,13:00,2026_04_TEN_BAL
2026-10-04,2026,0,0,BUF,NE,,,,,,,4,REG,13:00,2026_04_NE_BUF
2026-10-04,2026,0,0,CHI,NYJ,,,,,,,4,REG,13:00,2026_04_NYJ_CHI
2026-10-04,2026,0,0,CIN,JAX,,,,,,,4,REG,13:00,2026_04_JAX_CIN
2026-10-04,2026,0,0,HOU,DAL,,,,,,,4,REG,13:00,2026_04_DAL_HOU
2026-10-04,2026,0,0,NYG,ARI,,,,,,,4,REG,13:00,2026_04_ARI_NYG
2026-10-04,2026,0,0,PHI,LAR,,,,,,,4,REG,13:00,2026_04_LA_PHI
2026-10-04,2026,0,0,TB,GB,,,,,,,4,REG,13:00,2026_04_GB_TB
2026-10-04,2026,0,0,MIN,MIA,,,,,,,4,REG,16:05,2026_04_MIA_MIN
2026-10-04,2026,0,0,OAK,KC,,,,,,,4,REG,16:25,2026_04_KC_LV
2026-10-04,2026,0,0,SEA,LAC,,,,,,,4,REG,16:25,2026_04_LAC_SEA
2026-10-04,2026,0,0,SF,DEN,,,,,,,4,REG,16:25,2026_04_DEN_SF
2026-10-04,2026,0,0,CAR,DET,,,,,,,4,REG,20:20,2026_04_DET_CAR
2026-10-05,2026,0,0,NO,ATL,,,,,,,4,REG,20:15,2026_04_ATL_NO
2026-10-08,2026,0,0,DAL,TB,,,,,,,5,REG,20:15,2026_05_TB_DAL
2026-10-11,2026,0,0,JAX,PHI,,,,,,,5,REG,09:30,2026_05_PHI_JAX
2026-10-11,2026,0,0,MIA,CIN,,,,,,,5,REG,13:00,2026_05_CIN_MIA
2026-10-11,2026,0,0,NE,OAK,,,,,,,5,REG,13:00,2026_05_LV_NE
2026-10-11,2026,0,0,NO,MIN,,,,,,,5,REG,13:00,2026_05_MIN_NO
2026-10-11,2026,0,0,NYJ,CLE,,,,,,,5,REG,13:00,2026_05_CLE_NYJ
2026-10-11,2026,0,0,PIT,IND,,,,,,,5,REG,13:00,2026_05_IND_PIT
2026-10-11,2026,0,0,TEN,HOU,,,,,,,5,REG,13:00,2026_05_HOU_TEN
2026-10-11,2026,0,0,WSH,NYG,,,,,,,5,REG,13:00,2026_05_NYG_WAS
2026-10-11,2026,0,0,LAC,DEN,,,,,,,5,REG,16:05,2026_05_DEN_LAC
2026-10-11,2026,0,0,ARI,DET,,,,,,,5,REG,16:25,2026_05_DET_ARI
2026-10-11,2026,0,0,GB,CHI,,,,,,,5,REG,16:25,2026_05_CHI_GB
2026-10-11,2026,0,0,SEA,SF,,,,,,,5,REG,16:25,2026_05_SF_SEA
2026-10-11,2026,0,0,ATL,BAL,,,,,,,5,REG,20:20,2026_05_BAL_ATL
2026-10-12,2026,0,0,LAR,BUF,,,,,,,5,REG,20:15,2026_05_BUF_LA
2026-10-15,2026,0,0,DEN,SEA,,,,,,,6,REG,20:15,2026_06_SEA_DEN
2026-10-18,2026,1,0,JAX,HOU,,,,,,,6,REG,09:30,2026_06_HOU_JAX
2026-10-18,2026,0,0,ATL,CHI,,,,,,,6,REG,13:00,2026_06_CHI_ATL
2026-10-18,2026,0,0,CLE,BAL,,,,,,,6,REG,13:00,2026_06_BAL_CLE
2026-10-18,2026,0,0,IND,TEN,,,,,,,6,REG,13:00,2026_06_TEN_IND
2026-10-18,2026,0,0,NE,NYJ,,,,,,,6,REG,13:00,2026_06_NYJ_NE
2026-10-18,2026,0,0,NYG,NO,,,,,,,6,REG,13:00,2026_06_NO_NYG
2026-10-18,2026,0,0,PHI,CAR,,,,,,,6,REG,13:00,2026_06_CAR_PHI
2026-10-18,2026,0,0,TB,PIT,,,,,,,6,REG,13:00,2026_06_PIT_TB
2026-10-18,2026,0,0,LAR,ARI,,,,,,,6,REG,16:05,2026_06_ARI_LA
2026-10-18,2026,0,0,KC,LAC,,,,,,,6,REG,16:25,2026_06_LAC_KC
2026-10-18,2026,0,0,OAK,BUF,,,,,,,6,REG,16:25,2026_06_BUF_LV
2026-10-18,2026,0,0,GB,DAL,,,,,,,6,REG,20:20,2026_06_DAL_GB
2026-10-19,2026,0,0,SF,WSH,,,,,,,6,REG,20:15,2026_06_WAS_SF
2026-10-22,2026,0,0,CHI,NE,,,,,,,7,REG,20:15,2026_07_NE_CHI
2026-10-25,2026,1,0,NO,PIT,,,,,,,7,REG,09:30,2026_07_PIT_NO
2026-10-25,2026,0,0,ATL,SF,,,,,,,7,REG,13:00,2026_07_SF_ATL
2026-10-25,2026,0,0,BAL,CIN,,,,,,,7,REG,13:00,2026_07_CIN_BAL
2026-10-25,2026,0,0,CAR,TB,,,,,,,7,REG,13:00,2026_07_TB_CAR
2026-10-25,2026,0,0,HOU,NYG,,,,,,,7,REG,13:00,2026_07_NYG_HOU
2026-10-25,2026,0,0,MIN,IND,,,,,,,7,REG,13:00,2026_07_IND_MIN
2026-10-25,2026,0,0,NYJ,MIA,,,,,,,7,REG,13:00,2026_07_MIA_NYJ
2026-10-25,2026,0,0,TEN,CLE,,,,,,,7,REG,13:00,2026_07_CLE_TEN
2026-10-25,2026,0,0,ARI,DEN,,,,,,,7,REG,16:05,2026_07_DEN_ARI
2026-10-25,2026,0,0,DET,GB,,,,,,,7,REG,16:25,2026_07_GB_DET
2026-10-25,2026,0,0,OAK,LAR,,,,,,,7,REG,16:25,2026_07_LA_LV
2026-10-25,2026,0,0,SEA,KC,,,,,,,7,REG,20:20,2026_07_KC_SEA
2026-10-26,2026,0,0,PHI,DAL,,,,,,,7,REG,20:15,2026_07_DAL_PHI
2026-10-29,2026,0,0,GB,CAR,,,,,,,8,REG,20:15,2026_08_CAR_GB
2026-11-01,2026,0,0,BUF,BAL,,,,,,,8,REG,13:00,2026_08_BAL_BUF
2026-11-01,2026,0,0,CIN,TEN,,,,,,,8,REG,13:00,2026_08_TEN_CIN
2026-11-01,2026,0,0,DAL,ARI,,,,,,,8,REG,13:00,2026_08_ARI_DAL
2026-11-01,2026,0,0,DET,MIN,,,,,,,8,REG,13:00,2026_08_MIN_DET
2026-11-01,2026,0,0,JAX,IND,,,,,,,8,REG,13:00,2026_08_IND_JAX
2026-11-01,2026,0,0,NYJ,OAK,,,,,,,8,REG,13:00,2026_08_LV_NYJ
2026-11-01,2026,0,0,PIT,CLE,,,,,,,8,REG,13:00,2026_08_CLE_PIT
2026-11-01,2026,0,0,TB,ATL,,,,,,,8,REG,13:00,2026_08_ATL_TB
2026-11-01,2026,0,0,LAR,LAC,,,,,,,8,REG,16:05,2026_08_LAC_LA
2026-11-01,2026,0,0,DEN,KC,,,,,,,8,REG,16:25,2026_08_KC_DEN
2026-11-01,2026,0,0,MIA,NE,,,,,,,8,REG,16:25,2026_08_NE_MIA
2026-11-01,2026,0,0,WSH,PHI,,,,,,,8,REG,20:20,2026_08_PHI_WAS
2026-11-02,2026,0,0,SEA,CHI,,,,,,,8,REG,20:15,2026_08_CHI_SEA
2026-11-05,2026,0,0,BAL,JAX,,,,,,,9,REG,20:15,2026_09_JAX_BAL
2026-11-08,2026,1,0,ATL,CIN,,,,,,,9,REG,09:30,2026_09_CIN_ATL
2026-11-08,2026,0,0,CAR,DEN,,,,,,,9,REG,13:00,2026_09_DEN_CAR
2026-11-08,2026,0,0,IND,DAL,,,,,,,9,REG,13:00,2026_09_DAL_IND
2026-11-08,2026,0,0,KC,NYJ,,,,,,,9,REG,13:00,2026_09_NYJ_KC
2026-11-08,2026,0,0,MIA,DET,,,,,,,9,REG,13:00,2026_09_DET_MIA
2026-11-08,2026,0,0,NO,CLE,,,,,,,9,REG,13:00,2026_09_CLE_NO
2026-11-08,2026,0,0,PHI,NYG,,,,,,,9,REG,13:00,2026_09_NYG_PHI
2026-11-08,2026,0,0,WSH,LAR,,,,,,,9,REG,13:00,2026_09_LA_WAS
2026-11-08,2026,0,0,LAC,HOU,,,,,,,9,REG,16:05,2026_09_HOU_LAC
2026-11-08,2026,0,0,SF,OAK,,,,,,,9,REG,16:05,2026_09_LV_SF
2026-11-08,2026,0,0,NE,GB,,,,,,,9,REG,16:25,2026_09_GB_NE
2026-11-08,2026,0,0,SEA,ARI,,,,,,,9,REG,16:25,2026_09_ARI_SEA
2026-11-08,2026,0,0,CHI,TB,,,,,,,9,REG,20:20,2026_09_TB_CHI
2026-11-09,2026,0,0,MIN,BUF,,,,,,,9,REG,20:15,2026_09_BUF_MIN
2026-11-12,2026,0,0,NYG,WSH,,,,,,,10,REG,20:15,2026_10_WAS_NYG
2026-11-15,2026,1,0,DET,NE,,,,,,,10,REG,09:30,2026_10_NE_DET
2026-11-15,2026,0,0,ATL,KC,,,,,,,10,REG,13:00,2026_10_KC_ATL
2026-11-15,2026,0,0,CLE,HOU,,,,,,,10,REG,13:00,2026_10_HOU_CLE
2026-11-15,2026,0,0,GB,MIN,,,,,,,10,REG,13:00,2026_10_MIN_GB
2026-11-15,2026,0,0,IND,MIA,,,,,,,10,REG,13:00,2026_10_MIA_IND
2026-11-15,2026,0,0,NO,CAR,,,,,,,10,REG,13:00,2026_10_CAR_NO
2026-11-15,2026,0,0,NYJ,BUF,,,,,,,10,REG,13:00,2026_10_BUF_NYJ
2026-11-15,2026,0,0,TEN,JAX,,,,,,,10,REG,13:00,2026_10_JAX_TEN
2026-11-15,2026,0,0,ARI,LAR,,,,,,,10,REG,16:05,2026_10_LA_ARI
2026-11-15,2026,0,0,OAK,SEA,,,,,,,10,REG,16:05,2026_10_SEA_LV
2026-11-15,2026,0,0,DAL,SF,,,,,,,10,REG,16:25,2026_10_SF_DAL
2026-11-15,2026,0,0,CIN,PIT,,,,,,,10,REG,20:20,2026_10_PIT_CIN
2026-11-16,2026,0,0,BAL,LAC,,,,,,,10,REG,20:15,2026_10_LAC_BAL
2026-11-19,2026,0,0,HOU,IND,,,,,,,11,REG,20:15,2026_11_IND_HOU
2026-11-22,2026,0,0,BUF,MIA,,,,,,,11,REG,13:00,2026_11_MIA_BUF
2026-11-22,2026,0,0,CAR,BAL,,,,,,,11,REG,13:00,2026_11_BAL_CAR
2026-11-22,2026,0,0,CHI,NO,,,,,,,11,REG,13:00,2026_11_NO_CHI
2026-11-22,2026,0,0,DAL,TEN,,,,,,,11,REG,13:00,2026_11_TEN_DAL
2026-11-22,2026,0,0,DET,TB,,,,,,,11,REG,13:00,2026_11_TB_DET
2026-11-22,2026,0,0,KC,ARI,,,,,,,11,REG,13:00,2026_11_ARI_KC
2026-11-22,2026,0,0,NYG,JAX,,,,,,,11,REG,13:00,2026_11_JAX_NYG
2026-11-22,2026,0,0,LAC,NYJ,,,,,,,11,REG,16:05,2026_11_NYJ_LAC
2026-11-22,2026,0,0,DEN,OAK,,,,,,,11,REG,16:25,2026_11_LV_DEN
2026-11-22,2026,0,0,PHI,PIT,,,,,,,11,REG,16:25,2026_11_PIT_PHI
2026-11-22,2026,1,0,SF,MIN,,,,,,,11,REG,20:20,2026_11_MIN_SF
2026-11-23,2026,0,0,WSH,CIN,,,,,,,11,REG,20:15,2026_11_CIN_WAS
2026-11-25,2026,0,0,LAR,GB,,,,,,,12,REG,20:00,2026_12_GB_LA
2026-11-26,2026,0,0,DET,CHI,,,,,,,12,REG,13:00,2026_12_CHI_DET
2026-11-26,2026,0,0,DAL,PHI,,,,,,,12,REG,16:30,2026_12_PHI_DAL
2026-11-26,2026,0,0,BUF,KC,,,,,,,12,REG,20:20,2026_12_KC_BUF
2026-11-27,2026,0,0,PIT,DEN,,,,,,,12,REG,15:00,2026_12_DEN_PIT
2026-11-29,2026,0,0,CIN,NO,,,,,,,12,REG,13:00,2026_12_NO_CIN
2026-11-29,2026,0,0,CLE,OAK,,,,,,,12,REG,13:00,2026_12_LV_CLE
2026-11-29,2026,0,0,HOU,BAL,,,,,,,12,REG,13:00,2026_12_BAL_HOU
2026-11-29,2026,0,0,IND,NYG,,,,,,,12,REG,13:00,2026_12_NYG_IND
2026-11-29,2026,0,0,MIA,NYJ,,,,,,,12,REG,13:00,2026_12_NYJ_MIA
2026-11-29,2026,0,0,MIN,ATL,,,,,,,12,REG,13:00,2026_12_ATL_MIN
2026-11-29,2026,0,0,JAX,TEN,,,,,,,12,REG,16:05,2026_12_TEN_JAX
2026-11-29,2026,0,0,ARI,WSH,,,,,,,12,REG,16:25,2026_12_WAS_ARI
2026-11-29,2026,0,0,SF,SEA,,,,,,,12,REG,16:25,2026_12_SEA_SF
2026-11-29,2026,0,0,LAC,NE,,,,,,,12,REG,20:20,2026_12_NE_LAC
2026-11-30,2026,0,0,TB,CAR,,,,,,,12,REG,20:15,2026_12_CAR_TB
2026-12-03,2026,0,0,LAR,KC,,,,,,,13,REG,20:15,2026_13_KC_LA
2026-12-06,2026,0,0,ATL,DET,,,,,,,13,REG,13:00,2026_13_DET_ATL
2026-12-06,2026,0,0,CHI,JAX,,,,,,,13,REG,13:00,2026_13_JAX_CHI
2026-12-06,2026,0,0,CLE,CIN,,,,,,,13,REG,13:00,2026_13_CIN_CLE
2026-12-06,2026,0,0,NO,GB,,,,,,,13,REG,13:00,2026_13_GB_NO
2026-12-06,2026,0,0,NYG,SF,,,,,,,13,REG,13:00,2026_13_SF_NYG
2026-12-06,2026,0,0,TB,LAC,,,,,,,13,REG,13:00,2026_13_LAC_TB
2026-12-06,2026,0,0,TEN,WSH,,,,,,,13,REG,13:00,2026_13_WAS_TEN
2026-12-06,2026,0,0,ARI,PHI,,,,,,,13,REG,16:05,2026_13_PHI_ARI
2026-12-06,2026,0,0,DEN,MIA,,,,,,,13,REG,16:05,2026_13_MIA_DEN
2026-12-06,2026,0,0,MIN,CAR,,,,,,,13,REG,16:25,2026_13_CAR_MIN
2026-12-06,2026,0,0,NE,BUF,,,,,,,13,REG,16:25,2026_13_BUF_NE
2026-12-06,2026,0,0,PIT,HOU,,,,,,,13,REG,20:20,2026_13_HOU_PIT
2026-12-07,2026,0,0,SEA,DAL,,,,,,,13,REG,20:15,2026_13_DAL_SEA
2026-12-10,2026,0,0,NE,MIN,,,,,,,14,REG,20:15,2026_14_MIN_NE
2026-12-13,2026,0,0,BAL,TB,,,,,,,14,REG,13:00,2026_14_TB_BAL
2026-12-13,2026,0,0,CAR,NO,,,,,,,14,REG,13:00,2026_14_NO_CAR
2026-12-13,2026,0,0,CLE,ATL,,,,,,,14,REG,13:00,2026_14_ATL_CLE
2026-12-13,2026,0,0,DET,TEN,,,,,,,14,REG,13:00,2026_14_TEN_DET
2026-12-13,2026,0,0,MIA,CHI,,,,,,,14,REG,13:00,2026_14_CHI_MIA
2026-12-13,2026,0,0,NYJ,DEN,,,,,,,14,REG,13:00,2026_14_DEN_NYJ
2026-12-13,2026,0,0,PHI,IND,,,,,,,14,REG,13:00,2026_14_IND_PHI
2026-12-13,2026,0,0,WSH,HOU,,,,,,,14,REG,13:00,2026_14_HOU_WAS
2026-12-13,2026,0,0,OAK,LAC,,,,,,,14,REG,16:05,2026_14_LAC_LV
2026-12-13,2026,0,0,CIN,KC,,,,,,,14,REG,16:25,2026_14_KC_CIN
2026-12-13,2026,0,0,SEA,NYG,,,,,,,14,REG,16:25,2026_14_NYG_SEA
2026-12-13,2026,0,0,SF,LAR,,,,,,,14,REG,16:25,2026_14_LA_SF
2026-12-13,2026,0,0,GB,BUF,,,,,,,14,REG,20:20,2026_14_BUF_GB
2026-12-14,2026,0,0,JAX,PIT,,,,,,,14,REG,20:15,2026_14_PIT_JAX
2026-12-17,2026,0,0,LAC,SF,,,,,,,15,REG,20:15,2026_15_SF_LAC
2026-12-19,2026,0,0,PHI,SEA,,,,,,,15,REG,17:00,2026_15_SEA_PHI
2026-12-19,2026,0,0,BUF,CHI,,,,,,,15,REG,20:20,2026_15_CHI_BUF
2026-12-20,2026,0,0,CAR,CIN,,,,,,,15,REG,13:00,2026_15_CIN_CAR
2026-12-20,2026,0,0,GB,MIA,,,,,,,15,REG,13:00,2026_15_MIA_GB
2026-12-20,2026,0,0,HOU,JAX,,,,,,,15,REG,13:00,2026_15_JAX_HOU
2026-12-20,2026,0,0,NYG,CLE,,,,,,,15,REG,13:00,2026_15_CLE_NYG
2026-12-20,2026,0,0,PIT,BAL,,,,,,,15,REG,13:00,2026_15_BAL_PIT
2026-12-20,2026,0,0,TB,NO,,,,,,,15,REG,13:00,2026_15_NO_TB
2026-12-20,2026,0,0,TEN,IND,,,,,,,15,REG,13:00,2026_15_IND_TEN
2026-12-20,2026,0,0,WSH,ATL,,,,,,,15,REG,13:00,2026_15_ATL_WAS
2026-12-20,2026,0,0,ARI,NYJ,,,,,,,15,REG,16:05,2026_15_NYJ_ARI
2026-12-20,2026,0,0,LAR,DAL,,,,,,,15,REG,16:25,2026_15_DAL_LA
2026-12-20,2026,0,0,OAK,DEN,,,,,,,15,REG,16:25,2026_15_DEN_LV
2026-12-20,2026,0,0,MIN,DET,,,,,,,15,REG,20:20,2026_15_DET_MIN
2026-12-21,2026,0,0,KC,NE,,,,,,,15,REG,20:15,2026_15_NE_KC
2026-12-24,2026,0,0,PHI,HOU,,,,,,,16,REG,20:15,2026_16_HOU_PHI
2026-12-25,2026,0,0,CHI,GB,,,,,,,16,REG,13:00,2026_16_GB_CHI
2026-12-25,2026,0,0,DEN,BUF,,,,,,,16,REG,16:30,2026_16_BUF_DEN
2026-12-25,2026,0,0,SEA,LAR,,,,,,,16,REG,20:15,2026_16_LA_SEA
2026-12-27,2026,0,0,ATL,TB,,,,,,,16,REG,13:00,2026_16_TB_ATL
2026-12-27,2026,0,0,BAL,CLE,,,,,,,16,REG,13:00,2026_16_CLE_BAL
2026-12-27,2026,0,0,IND,CIN,,,,,,,16,REG,13:00,2026_16_CIN_IND
2026-12-27,2026,0,0,MIA,LAC,,,,,,,16,REG,13:00,2026_16_LAC_MIA
2026-12-27,2026,0,0,MIN,WSH,,,,,,,16,REG,13:00,2026_16_WAS_MIN
2026-12-27,2026,0,0,NO,ARI,,,,,,,16,REG,13:00,2026_16_ARI_NO
2026-12-27,2026,0,0,NYJ,NE,,,,,,,16,REG,13:00,2026_16_NE_NYJ
2026-12-27,2026,0,0,PIT,CAR,,,,,,,16,REG,13:00,2026_16_CAR_PIT
2026-12-27,2026,0,0,OAK,TEN,,,,,,,16,REG,16:05,2026_16_TEN_LV
2026-12-27,2026,0,0,KC,SF,,,,,,,16,REG,16:25,2026_16_SF_KC
2026-12-27,2026,0,0,DAL,JAX,,,,,,,16,REG,20:20,2026_16_JAX_DAL
2026-12-28,2026,0,0,DET,NYG,,,,,,,16,REG,20:15,2026_16_NYG_DET
2026-12-31,2026,0,0,CIN,BAL,,,,,,,17,REG,20:15,2026_17_BAL_CIN
2027-01-03,2026,0,0,ATL,NO,,,,,,,17,REG,13:00,2026_17_NO_ATL
2027-01-03,2026,0,0,CAR,SEA,,,,,,,17,REG,13:00,2026_17_SEA_CAR
2027-01-03,2026,0,0,CLE,IND,,,,,,,17,REG,13:00,2026_17_IND_CLE
2027-01-03,2026,0,0,DAL,NYG,,,,,,,17,REG,13:00,2026_17_NYG_DAL
2027-01-03,2026,0,0,JAX,WSH,,,,,,,17,REG,13:00,2026_17_WAS_JAX
2027-01-03,2026,0,0,LAC,KC,,,,,,,17,REG,13:00,2026_17_KC_LAC
2027-01-03,2026,0,0,MIA,BUF,,,,,,,17,REG,13:00,2026_17_BUF_MIA
2027-01-03,2026,0,0,NE,DEN,,,,,,,17,REG,13:00,2026_17_DEN_NE
2027-01-03,2026,0,0,NYJ,MIN,,,,,,,17,REG,13:00,2026_17_MIN_NYJ
2027-01-03,2026,0,0,TB,LAR,,,,,,,17,REG,13:00,2026_17_LA_TB
2027-01-03,2026,0,0,TEN,PIT,,,,,,,17,REG,13:00,2026_17_PIT_TEN
2027-01-03,2026,0,0,ARI,OAK,,,,,,,17,REG,16:05,2026_17_LV_ARI
2027-01-03,2026,0,0,CHI,DET,,,,,,,17,REG,16:25,2026_17_DET_CHI
2027-01-03,2026,0,0,SF,PHI,,,,,,,17,REG,20:20,2026_17_PHI_SF
2027-01-04,2026,0,0,GB,HOU,,,,,,,17,REG,20:15,2026_17_HOU_GB
2027-01-10,2026,0,0,ARI,SF,,,,,,,18,REG,13:00,2026_18_SF_ARI
2027-01-10,2026,0,0,BAL,PIT,,,,,,,18,REG,13:00,2026_18_PIT_BAL
2027-01-10,2026,0,0,BUF,NYJ,,,,,,,18,REG,13:00,2026_18_NYJ_BUF
2027-01-10,2026,0,0,CAR,ATL,,,,,,,18,REG,13:00,2026_18_ATL_CAR
2027-01-10,2026,0,0,CIN,CLE,,,,,,,18,REG,13:00,2026_18_CLE_CIN
2027-01-10,2026,0,0,DEN,LAC,,,,,,,18,REG,13:00,2026_18_LAC_DEN
2027-01-10,2026,0,0,GB,DET,,,,,,,18,REG,13:00,2026_18_DET_GB
2027-01-10,2026,0,0,HOU,TEN,,,,,,,18,REG,13:00,2026_18_TEN_HOU
2027-01-10,2026,0,0,IND,JAX,,,,,,,18,REG,13:00,2026_18_JAX_IND
2027-01-10,2026,0,0,KC,OAK,,,,,,,18,REG,13:00,2026_18_LV_KC
2027-01-10,2026,0,0,LAR,SEA,,,,,,,18,REG,13:00,2026_18_SEA_LA
2027-01-10,2026,0,0,MIN,CHI,,,,,,,18,REG,13:00,2026_18_CHI_MIN
2027-01-10,2026,0,0,NE,MIA,,,,,,,18,REG,13:00,2026_18_MIA_NE
2027-01-10,2026,0,0,NO,TB,,,,,,,18,REG,13:00,2026_18_TB_NO
2027-01-10,2026,0,0,NYG,PHI,,,,,,,18,REG,13:00,2026_18_PHI_NYG
2027-01-10,2026,0,0,WSH,DAL,,,,,,,18,REG,13:00,2026_18_DAL_WAS
